"cluster_id","cluster_name","cluster_type","gene_count","n_accessions_present","has_stress_go","n_unique_guides","specificity","stress","editability","API"
"9235","Msa028470.t01","private",9,1,1,78,0.916666666666667,1,0.529909648690384,0.872648596404744
"9576","Msa012043.t01","private",6,1,1,60,0.916666666666667,1,0.498550800633683,0.866376826793403
"4456","Mru030399.t01","private",15,1,1,50,0.916666666666667,1,0.476836527199296,0.862033972106526
"20089","Msa023157.t01","private",5,1,1,40,0.916666666666667,1,0.450367583204509,0.856740183307569
"13276","LOC_00028495-mRNA-1","private",5,1,1,35,0.916666666666667,1,0.434595245410804,0.853585715748828
"4385","Mru023035.t04","private",5,1,1,30,0.916666666666667,1,0.416460618040923,0.849958790274851
"4414","Mru026550.t02","private",4,1,1,30,0.916666666666667,1,0.416460618040923,0.849958790274851
"11829","LOC_00033661-mRNA-1","private",3,1,1,30,0.916666666666667,1,0.416460618040923,0.849958790274851
"18660","Mru004166.t02","private",3,1,1,30,0.916666666666667,1,0.416460618040923,0.849958790274851
"24870","Msa000081.t01","private",3,1,1,30,0.916666666666667,1,0.416460618040923,0.849958790274851
"24972","Msa024483.t01","private",3,1,1,30,0.916666666666667,1,0.416460618040923,0.849958790274851
"24973","Msa024484.t03","private",3,1,1,28,0.916666666666667,1,0.408372547414032,0.848341176149473
"10591","zm4.14G0008790.t1","private",5,1,1,25,0.916666666666667,1,0.395129281812467,0.84569252302916
"18474","Mpoly036196.t01","private",5,1,1,25,0.916666666666667,1,0.395129281812467,0.84569252302916
"637","Mara009720.t01","private",4,1,1,20,0.916666666666667,1,0.369227845228343,0.840512235712335
"4160","Mru000850.t02","private",6,1,1,20,0.916666666666667,1,0.369227845228343,0.840512235712335
"4244","Mru008910.t02","private",6,1,1,20,0.916666666666667,1,0.369227845228343,0.840512235712335
"4245","Mru008910.t03","private",4,1,1,20,0.916666666666667,1,0.369227845228343,0.840512235712335
"4515","Mru036156.t03","private",5,1,1,20,0.916666666666667,1,0.369227845228343,0.840512235712335
"4547","Mru038604.t02","private",4,1,1,20,0.916666666666667,1,0.369227845228343,0.840512235712335
"4686","Mru051083.t02","private",3,1,1,20,0.916666666666667,1,0.369227845228343,0.840512235712335
"5398","Mca017555.t03","private",4,1,1,20,0.916666666666667,1,0.369227845228343,0.840512235712335
"5566","Mca025521.t02","private",10,1,1,20,0.916666666666667,1,0.369227845228343,0.840512235712335
"5603","Mca027334.t05","private",5,1,1,20,0.916666666666667,1,0.369227845228343,0.840512235712335
"6713","Mca047513.t02","private",8,1,1,20,0.916666666666667,1,0.369227845228343,0.840512235712335
"6766","Msa002072.t01","private",5,1,1,20,0.916666666666667,1,0.369227845228343,0.840512235712335
"7017","Msa047977.t06","private",3,1,1,20,0.916666666666667,1,0.369227845228343,0.840512235712335
"9147","Msa021978.t03","private",3,1,1,20,0.916666666666667,1,0.369227845228343,0.840512235712335
"10205","zm4.44G0063980.t1","private",4,1,1,20,0.916666666666667,1,0.369227845228343,0.840512235712335
"16539","Msa045066.t01","private",3,1,1,20,0.916666666666667,1,0.369227845228343,0.840512235712335
"21657","Msa026939.t01","private",3,1,1,20,0.916666666666667,1,0.369227845228343,0.840512235712335
"21909","Mca016811.t02","private",3,1,1,20,0.916666666666667,1,0.369227845228343,0.840512235712335
"22362","Msa023872.t02","private",3,1,1,20,0.916666666666667,1,0.369227845228343,0.840512235712335
"25130","Msa047221.t01","private",3,1,1,20,0.916666666666667,1,0.369227845228343,0.840512235712335
"4482","Mru032401.t03","private",3,1,1,19,0.916666666666667,1,0.363310763796654,0.839328819425997
"6563","Mca034621.t01","dispensable",7,2,1,70,0.833333333333333,1,0.516961243706611,0.836725582074656
"108","Mara001689.t01","dispensable",222,4,1,1095,0.666666666666667,1,0.848862745598065,0.83643921578628
"1755","Mara033047.t01","private",3,1,1,15,0.916666666666667,1,0.336248781395908,0.833916422945848
"2059","Mara042022.t01","private",3,1,1,15,0.916666666666667,1,0.336248781395908,0.833916422945848
"6790","Msa003731.t02","private",4,1,1,15,0.916666666666667,1,0.336248781395908,0.833916422945848
"10131","zm4.44G0017370.t1","private",3,1,1,15,0.916666666666667,1,0.336248781395908,0.833916422945848
"17343","Mpoly004132.t01","private",4,1,1,15,0.916666666666667,1,0.336248781395908,0.833916422945848
"28996","Mtrun007621.t01","private",3,1,1,15,0.916666666666667,1,0.336248781395908,0.833916422945848
"6995","Mru017973.t02","dispensable",6,2,1,60,0.833333333333333,1,0.498550800633683,0.83304349346007
"21360","Mca005421.t01","dispensable",7,2,1,60,0.833333333333333,1,0.498550800633683,0.83304349346007
"22279","Msa006833.t01","dispensable",7,2,1,60,0.833333333333333,1,0.498550800633683,0.83304349346007
"21917","Mca017355.t01","dispensable",8,2,1,57,0.833333333333333,1,0.492434742763009,0.831820281885935
"5365","Mca016208.t01","dispensable",7,2,1,50,0.833333333333333,1,0.476836527199296,0.828700638773193
"15513","Mru020699.t01","dispensable",5,2,1,50,0.833333333333333,1,0.476836527199296,0.828700638773193
"16461","Msa013602.t01","dispensable",5,2,1,45,0.833333333333333,1,0.464322744172242,0.826197882167782
"16578","Msa032908.t01","dispensable",6,2,1,45,0.833333333333333,1,0.464322744172242,0.826197882167782
"6965","Msa043734.t01","dispensable",6,2,1,44,0.833333333333333,1,0.461657227811549,0.825664778895643
"2639","evm.model.Chr04.203","private",3,1,1,10,0.916666666666667,1,0.290807416522316,0.82482814997113
"4271","Mru012454.t02","private",3,1,1,10,0.916666666666667,1,0.290807416522316,0.82482814997113
"4366","Mru021573.t02","private",5,1,1,10,0.916666666666667,1,0.290807416522316,0.82482814997113
"4535","Mru037834.t02","private",3,1,1,10,0.916666666666667,1,0.290807416522316,0.82482814997113
"4808","Mru009063.t02","private",9,1,1,10,0.916666666666667,1,0.290807416522316,0.82482814997113
"4920","Mru036850.t02","private",3,1,1,10,0.916666666666667,1,0.290807416522316,0.82482814997113
"4924","Mru039114.t02","private",4,1,1,10,0.916666666666667,1,0.290807416522316,0.82482814997113
"4961","Mru045489.t02","private",4,1,1,10,0.916666666666667,1,0.290807416522316,0.82482814997113
"4983","Mru049520.t02","private",3,1,1,10,0.916666666666667,1,0.290807416522316,0.82482814997113
"4996","Mru052927.t02","private",5,1,1,10,0.916666666666667,1,0.290807416522316,0.82482814997113
"5644","Mca028763.t02","private",4,1,1,10,0.916666666666667,1,0.290807416522316,0.82482814997113
"5657","Mca029166.t02","private",5,1,1,10,0.916666666666667,1,0.290807416522316,0.82482814997113
"6080","Mca046221.t02","private",3,1,1,10,0.916666666666667,1,0.290807416522316,0.82482814997113
"6378","Mca001751.t02","private",4,1,1,10,0.916666666666667,1,0.290807416522316,0.82482814997113
"6383","Mca003138.t02","private",3,1,1,10,0.916666666666667,1,0.290807416522316,0.82482814997113
"6399","Mca006041.t04","private",3,1,1,10,0.916666666666667,1,0.290807416522316,0.82482814997113
"6455","Mca014179.t02","private",3,1,1,10,0.916666666666667,1,0.290807416522316,0.82482814997113
"6465","Mca015872.t02","private",6,1,1,10,0.916666666666667,1,0.290807416522316,0.82482814997113
"6553","Mca027051.t03","private",3,1,1,10,0.916666666666667,1,0.290807416522316,0.82482814997113
"6652","Mca038709.t02","private",3,1,1,10,0.916666666666667,1,0.290807416522316,0.82482814997113
"6948","Msa039273.t02","private",3,1,1,10,0.916666666666667,1,0.290807416522316,0.82482814997113
"8560","Msa000320.t02","private",3,1,1,10,0.916666666666667,1,0.290807416522316,0.82482814997113
"8696","Msa008696.t02","private",3,1,1,10,0.916666666666667,1,0.290807416522316,0.82482814997113
"8770","Msa011154.t02","private",3,1,1,10,0.916666666666667,1,0.290807416522316,0.82482814997113
"8800","Msa011910.t02","private",3,1,1,10,0.916666666666667,1,0.290807416522316,0.82482814997113
"8889","Msa014392.t02","private",3,1,1,10,0.916666666666667,1,0.290807416522316,0.82482814997113
"8902","Msa015091.t02","private",5,1,1,10,0.916666666666667,1,0.290807416522316,0.82482814997113
"8939","Msa016305.t01","private",3,1,1,10,0.916666666666667,1,0.290807416522316,0.82482814997113
"9088","Msa020460.t02","private",5,1,1,10,0.916666666666667,1,0.290807416522316,0.82482814997113
"9150","Msa022104.t04","private",5,1,1,10,0.916666666666667,1,0.290807416522316,0.82482814997113
"9175","Msa023100.t01","private",4,1,1,10,0.916666666666667,1,0.290807416522316,0.82482814997113
"9196","Msa025158.t01","private",4,1,1,10,0.916666666666667,1,0.290807416522316,0.82482814997113
"9376","Msa032035.t02","private",5,1,1,10,0.916666666666667,1,0.290807416522316,0.82482814997113
"9448","Msa034013.t01","private",4,1,1,10,0.916666666666667,1,0.290807416522316,0.82482814997113
"9632","Msa038496.t01","private",3,1,1,10,0.916666666666667,1,0.290807416522316,0.82482814997113
"9645","Msa038781.t02","private",3,1,1,10,0.916666666666667,1,0.290807416522316,0.82482814997113
"9857","Msa049620.t01","private",3,1,1,10,0.916666666666667,1,0.290807416522316,0.82482814997113
"15025","Mtrun038352.t01","private",3,1,1,10,0.916666666666667,1,0.290807416522316,0.82482814997113
"17209","Mca047898.t02","private",3,1,1,10,0.916666666666667,1,0.290807416522316,0.82482814997113
"24657","Mca040242.t02","private",3,1,1,10,0.916666666666667,1,0.290807416522316,0.82482814997113
"27394","Msa048385.t04","private",4,1,1,10,0.916666666666667,1,0.290807416522316,0.82482814997113
"4173","Mru002085.t01","dispensable",4,2,1,40,0.833333333333333,1,0.450367583204509,0.823406849974235
"5185","Mca008106.t01","dispensable",4,2,1,40,0.833333333333333,1,0.450367583204509,0.823406849974235
"9336","Mca030442.t01","dispensable",4,2,1,40,0.833333333333333,1,0.450367583204509,0.823406849974235
"9428","Msa033496.t02","dispensable",5,2,1,40,0.833333333333333,1,0.450367583204509,0.823406849974235
"10401","Msa012358.t01","dispensable",6,2,1,40,0.833333333333333,1,0.450367583204509,0.823406849974235
"15340","evm.model.Chr04.1277","dispensable",5,2,1,40,0.833333333333333,1,0.450367583204509,0.823406849974235
"17090","Msa126459.t01","dispensable",5,2,1,40,0.833333333333333,1,0.450367583204509,0.823406849974235
