"cluster_id","cluster_name","cluster_type","sativa_tetraploid","sativa_diploid","ruthenica","truncatula","arabica","lupulina","polymorpha","pan_mean","pan_sd","cv","min_val","max_val","max_min_ratio"
"87","Mara001422.t01","private",0,0,0,0,3,0,0,0.428571428571429,1.13389341902768,2.64575131106459,0,3,NA
"121","Mara001863.t01","private",0,0,0,0,3,0,0,0.428571428571429,1.13389341902768,2.64575131106459,0,3,NA
"171","Mara002382.t01","private",0,0,0,0,3,0,0,0.428571428571429,1.13389341902768,2.64575131106459,0,3,NA
"208","Mara002888.t01","private",0,0,0,0,6,0,0,0.857142857142857,2.26778683805536,2.64575131106459,0,6,NA
"250","Mara003673.t01","private",0,0,0,0,3,0,0,0.428571428571429,1.13389341902768,2.64575131106459,0,3,NA
"267","Mara004038.t01","private",0,0,0,0,3,0,0,0.428571428571429,1.13389341902768,2.64575131106459,0,3,NA
"389","Mara006234.t01","private",0,0,0,0,7,0,0,1,2.64575131106459,2.64575131106459,0,7,NA
"430","Mara006789.t01","private",0,0,0,0,3,0,0,0.428571428571429,1.13389341902768,2.64575131106459,0,3,NA
"454","Mara007136.t01","private",0,0,0,0,3,0,0,0.428571428571429,1.13389341902768,2.64575131106459,0,3,NA
"531","Mara008251.t01","private",0,0,0,0,3,0,0,0.428571428571429,1.13389341902768,2.64575131106459,0,3,NA
"544","Mara008430.t01","private",0,0,0,0,3,0,0,0.428571428571429,1.13389341902768,2.64575131106459,0,3,NA
"632","Mara009610.t01","private",0,0,0,0,3,0,0,0.428571428571429,1.13389341902768,2.64575131106459,0,3,NA
"637","Mara009720.t01","private",0,0,0,0,4,0,0,0.571428571428571,1.51185789203691,2.64575131106459,0,4,NA
"646","Mara009974.t01","private",0,0,0,0,3,0,0,0.428571428571429,1.13389341902768,2.64575131106459,0,3,NA
"805","Mara012714.t01","private",0,0,0,0,4,0,0,0.571428571428571,1.51185789203691,2.64575131106459,0,4,NA
"828","Mara002780.t01","private",0,0,0,0,14,0,0,2,5.29150262212918,2.64575131106459,0,14,NA
"834","Mara013292.t01","private",0,0,0,0,3,0,0,0.428571428571429,1.13389341902768,2.64575131106459,0,3,NA
"888","Mara014247.t01","private",0,0,0,0,3,0,0,0.428571428571429,1.13389341902768,2.64575131106459,0,3,NA
"1065","Mara018068.t01","private",0,0,0,0,4,0,0,0.571428571428571,1.51185789203691,2.64575131106459,0,4,NA
"1069","Mara018155.t01","private",0,0,0,0,4,0,0,0.571428571428571,1.51185789203691,2.64575131106459,0,4,NA
"1090","Mara018556.t01","private",0,0,0,0,3,0,0,0.428571428571429,1.13389341902768,2.64575131106459,0,3,NA
"1113","Mara019030.t01","private",0,0,0,0,3,0,0,0.428571428571429,1.13389341902768,2.64575131106459,0,3,NA
"1150","Mara019834.t01","private",0,0,0,0,3,0,0,0.428571428571429,1.13389341902768,2.64575131106459,0,3,NA
"1169","Mara020138.t01","private",0,0,0,0,3,0,0,0.428571428571429,1.13389341902768,2.64575131106459,0,3,NA
"1192","Mara020530.t01","private",0,0,0,0,3,0,0,0.428571428571429,1.13389341902768,2.64575131106459,0,3,NA
"1288","Mara022530.t01","private",0,0,0,0,4,0,0,0.571428571428571,1.51185789203691,2.64575131106459,0,4,NA
"1293","Mara022662.t01","private",0,0,0,0,4,0,0,0.571428571428571,1.51185789203691,2.64575131106459,0,4,NA
"1437","Mara025360.t01","private",0,0,0,0,3,0,0,0.428571428571429,1.13389341902768,2.64575131106459,0,3,NA
"1491","Mara026519.t01","private",0,0,0,0,3,0,0,0.428571428571429,1.13389341902768,2.64575131106459,0,3,NA
"1517","Mara026923.t01","private",0,0,0,0,4,0,0,0.571428571428571,1.51185789203691,2.64575131106459,0,4,NA
"1534","Mara027542.t01","private",0,0,0,0,3,0,0,0.428571428571429,1.13389341902768,2.64575131106459,0,3,NA
"1535","Mara027543.t01","private",0,0,0,0,4,0,0,0.571428571428571,1.51185789203691,2.64575131106459,0,4,NA
"1607","Mara029612.t01","private",0,0,0,0,4,0,0,0.571428571428571,1.51185789203691,2.64575131106459,0,4,NA
"1613","Mara029746.t01","private",0,0,0,0,6,0,0,0.857142857142857,2.26778683805536,2.64575131106459,0,6,NA
"1614","Mara029752.t01","private",0,0,0,0,3,0,0,0.428571428571429,1.13389341902768,2.64575131106459,0,3,NA
"1662","Mara030704.t01","private",0,0,0,0,3,0,0,0.428571428571429,1.13389341902768,2.64575131106459,0,3,NA
"1695","Mara031362.t01","private",0,0,0,0,3,0,0,0.428571428571429,1.13389341902768,2.64575131106459,0,3,NA
"1725","Mara032144.t01","private",0,0,0,0,3,0,0,0.428571428571429,1.13389341902768,2.64575131106459,0,3,NA
"1747","Mara032892.t01","private",0,0,0,0,4,0,0,0.571428571428571,1.51185789203691,2.64575131106459,0,4,NA
"1748","Mara032897.t01","private",0,0,0,0,7,0,0,1,2.64575131106459,2.64575131106459,0,7,NA
"1752","Mara032960.t01","private",0,0,0,0,3,0,0,0.428571428571429,1.13389341902768,2.64575131106459,0,3,NA
"1755","Mara033047.t01","private",0,0,0,0,3,0,0,0.428571428571429,1.13389341902768,2.64575131106459,0,3,NA
"1771","Mara033459.t01","private",0,0,0,0,21,0,0,3,7.93725393319377,2.64575131106459,0,21,NA
"1839","Mara035537.t01","private",0,0,0,0,3,0,0,0.428571428571429,1.13389341902768,2.64575131106459,0,3,NA
"1848","Mara035804.t01","private",0,0,0,0,3,0,0,0.428571428571429,1.13389341902768,2.64575131106459,0,3,NA
"1867","Mara036433.t01","private",0,0,0,0,3,0,0,0.428571428571429,1.13389341902768,2.64575131106459,0,3,NA
"1909","Mara037258.t01","private",0,0,0,0,3,0,0,0.428571428571429,1.13389341902768,2.64575131106459,0,3,NA
"1967","Mara039248.t01","private",0,0,0,0,3,0,0,0.428571428571429,1.13389341902768,2.64575131106459,0,3,NA
"2059","Mara042022.t01","private",0,0,0,0,3,0,0,0.428571428571429,1.13389341902768,2.64575131106459,0,3,NA
"2066","Mara042180.t01","private",0,0,0,0,3,0,0,0.428571428571429,1.13389341902768,2.64575131106459,0,3,NA
"2070","Mara042402.t01","private",0,0,0,0,4,0,0,0.571428571428571,1.51185789203691,2.64575131106459,0,4,NA
"2273","evm.model.Chr01.2284","private",0,0,0,0,0,3,0,0.428571428571429,1.13389341902768,2.64575131106459,0,3,NA
"3190","evm.model.Chr08.2287","private",0,0,0,0,0,3,0,0.428571428571429,1.13389341902768,2.64575131106459,0,3,NA
"3216","evm.model.Chr08.3076","private",0,0,0,0,0,4,0,0.571428571428571,1.51185789203691,2.64575131106459,0,4,NA
"3294","Mpoly000347.t01","private",0,0,0,0,0,0,6,0.857142857142857,2.26778683805536,2.64575131106459,0,6,NA
"3295","Mpoly000359.t01","private",0,0,0,0,0,0,3,0.428571428571429,1.13389341902768,2.64575131106459,0,3,NA
"3338","Mpoly002185.t01","private",0,0,0,0,0,0,3,0.428571428571429,1.13389341902768,2.64575131106459,0,3,NA
"3471","Mpoly009480.t01","private",0,0,0,0,0,0,3,0.428571428571429,1.13389341902768,2.64575131106459,0,3,NA
"3493","Mpoly010209.t01","private",0,0,0,0,0,0,4,0.571428571428571,1.51185789203691,2.64575131106459,0,4,NA
"3652","Mpoly019785.t01","private",0,0,0,0,0,0,3,0.428571428571429,1.13389341902768,2.64575131106459,0,3,NA
"3758","Mpoly024352.t01","private",0,0,0,0,0,0,3,0.428571428571429,1.13389341902768,2.64575131106459,0,3,NA
"3834","Mpoly027310.t01","private",0,0,0,0,0,0,3,0.428571428571429,1.13389341902768,2.64575131106459,0,3,NA
"3909","Mpoly031244.t01","private",0,0,0,0,0,0,3,0.428571428571429,1.13389341902768,2.64575131106459,0,3,NA
"3910","Mpoly031246.t01","private",0,0,0,0,0,0,3,0.428571428571429,1.13389341902768,2.64575131106459,0,3,NA
"3919","Mpoly032228.t01","private",0,0,0,0,0,0,3,0.428571428571429,1.13389341902768,2.64575131106459,0,3,NA
"3926","Mpoly032621.t01","private",0,0,0,0,0,0,3,0.428571428571429,1.13389341902768,2.64575131106459,0,3,NA
"3970","Mpoly035432.t01","private",0,0,0,0,0,0,4,0.571428571428571,1.51185789203691,2.64575131106459,0,4,NA
"3981","Mpoly035570.t01","private",0,0,0,0,0,0,3,0.428571428571429,1.13389341902768,2.64575131106459,0,3,NA
"3992","Mpoly035724.t01","private",0,0,0,0,0,0,3,0.428571428571429,1.13389341902768,2.64575131106459,0,3,NA
"4042","Mpoly036697.t01","private",0,0,0,0,0,0,3,0.428571428571429,1.13389341902768,2.64575131106459,0,3,NA
"4072","Mpoly037604.t01","private",0,0,0,0,0,0,3,0.428571428571429,1.13389341902768,2.64575131106459,0,3,NA
"4098","Mpoly038239.t01","private",0,0,0,0,0,0,4,0.571428571428571,1.51185789203691,2.64575131106459,0,4,NA
"4117","Mpoly038875.t01","private",0,0,0,0,0,0,6,0.857142857142857,2.26778683805536,2.64575131106459,0,6,NA
"4128","Mpoly039193.t01","private",0,0,0,0,0,0,3,0.428571428571429,1.13389341902768,2.64575131106459,0,3,NA
"4144","Mpoly039669.t01","private",0,0,0,0,0,0,7,1,2.64575131106459,2.64575131106459,0,7,NA
"4145","Mpoly039707.t01","private",0,0,0,0,0,0,7,1,2.64575131106459,2.64575131106459,0,7,NA
"4685","Mru051065.t01","dispensable",0,0,3,0,0,0,0,0.428571428571429,1.13389341902768,2.64575131106459,0,3,NA
"6889","Msa025618.t01","dispensable",3,0,0,0,0,0,0,0.428571428571429,1.13389341902768,2.64575131106459,0,3,NA
"7152","Msa067373.t01","dispensable",3.333,0,0,0,0,0,0,0.476142857142857,1.25975558853975,2.64575131106459,0,3.333,NA
"7814","Msa112990.t01","dispensable",3,0,0,0,0,0,0,0.428571428571429,1.13389341902768,2.64575131106459,0,3,NA
"8043","Msa126563.t01","dispensable",3.667,0,0,0,0,0,0,0.523857142857143,1.38599572252484,2.64575131106459,0,3.667,NA
"10776","LOC_00021370-mRNA-1","private",0,0,0,9.5,0,0,0,1.35714285714286,3.59066249358766,2.64575131106459,0,9.5,NA
"10886","LOC_00022952-mRNA-1","private",0,0,0,3,0,0,0,0.428571428571429,1.13389341902768,2.64575131106459,0,3,NA
"11363","LOC_00020925-mRNA-1","dispensable",0,0,0,19.5,0,0,0,2.78571428571429,7.37030722367993,2.64575131106459,0,19.5,NA
"11415","LOC_00016236-mRNA-1","dispensable",0,0,0,3.5,0,0,0,0.5,1.3228756555323,2.64575131106459,0,3.5,NA
"11526","LOC_00017695-mRNA-1","private",0,0,0,3,0,0,0,0.428571428571429,1.13389341902768,2.64575131106459,0,3,NA
"11779","LOC_00033070-mRNA-1","dispensable",0,0,0,3,0,0,0,0.428571428571429,1.13389341902768,2.64575131106459,0,3,NA
"12025","LOC_00035975-mRNA-1","dispensable",0,0,0,4,0,0,0,0.571428571428571,1.51185789203691,2.64575131106459,0,4,NA
"12405","LOC_00002167-mRNA-1","dispensable",0,0,0,7,0,0,0,1,2.64575131106459,2.64575131106459,0,7,NA
"12440","LOC_00002498-mRNA-1","dispensable",0,0,0,3,0,0,0,0.428571428571429,1.13389341902768,2.64575131106459,0,3,NA
"13008","LOC_00010643-mRNA-3","dispensable",0,0,0,3.5,0,0,0,0.5,1.3228756555323,2.64575131106459,0,3.5,NA
"13013","LOC_00010661-mRNA-1","dispensable",0,0,0,3.5,0,0,0,0.5,1.3228756555323,2.64575131106459,0,3.5,NA
"13355","Mtrun027587.t01","dispensable",0,0,0,3,0,0,0,0.428571428571429,1.13389341902768,2.64575131106459,0,3,NA
"14075","LOC_00048375-mRNA-1","dispensable",0,0,0,4,0,0,0,0.571428571428571,1.51185789203691,2.64575131106459,0,4,NA
"14109","LOC_00049125-mRNA-1","dispensable",0,0,0,3.5,0,0,0,0.5,1.3228756555323,2.64575131106459,0,3.5,NA
"14152","LOC_00049880-mRNA-1","dispensable",0,0,0,3,0,0,0,0.428571428571429,1.13389341902768,2.64575131106459,0,3,NA
"14498","Mtrun005114.t01","dispensable",0,0,0,3,0,0,0,0.428571428571429,1.13389341902768,2.64575131106459,0,3,NA
"14556","Mtrun009166.t01","dispensable",0,0,0,3,0,0,0,0.428571428571429,1.13389341902768,2.64575131106459,0,3,NA
"14719","Mtrun017124.t01","private",0,0,0,3.5,0,0,0,0.5,1.3228756555323,2.64575131106459,0,3.5,NA
"14799","Mtrun023737.t01","private",0,0,0,28.5,0,0,0,4.07142857142857,10.771987480763,2.64575131106459,0,28.5,NA
"15046","Mara000830.t01","private",0,0,0,0,3,0,0,0.428571428571429,1.13389341902768,2.64575131106459,0,3,NA
"15054","Mara001702.t01","private",0,0,0,0,3,0,0,0.428571428571429,1.13389341902768,2.64575131106459,0,3,NA
"15055","Mara001706.t01","private",0,0,0,0,3,0,0,0.428571428571429,1.13389341902768,2.64575131106459,0,3,NA
"15063","Mara008978.t01","private",0,0,0,0,7,0,0,1,2.64575131106459,2.64575131106459,0,7,NA
"15123","Mara007903.t01","private",0,0,0,0,3,0,0,0.428571428571429,1.13389341902768,2.64575131106459,0,3,NA
"15298","evm.model.Chr03.1140","dispensable",0,0,0,3,0,0,0,0.428571428571429,1.13389341902768,2.64575131106459,0,3,NA
"15328","Mara020011.t01","private",0,0,0,0,6,0,0,0.857142857142857,2.26778683805536,2.64575131106459,0,6,NA
"15384","Mara021855.t01","private",0,0,0,0,4,0,0,0.571428571428571,1.51185789203691,2.64575131106459,0,4,NA
"15403","Mara022919.t01","private",0,0,0,0,3,0,0,0.428571428571429,1.13389341902768,2.64575131106459,0,3,NA
"15711","Mara035597.t01","private",0,0,0,0,3,0,0,0.428571428571429,1.13389341902768,2.64575131106459,0,3,NA
"16868","Mtrun007792.t01","private",0,0,0,4,0,0,0,0.571428571428571,1.51185789203691,2.64575131106459,0,4,NA
"17329","Mpoly000122.t01","private",0,0,0,0,0,0,4,0.571428571428571,1.51185789203691,2.64575131106459,0,4,NA
"17343","Mpoly004132.t01","private",0,0,0,0,0,0,3,0.428571428571429,1.13389341902768,2.64575131106459,0,3,NA
"17571","Mpoly014808.t01","private",0,0,0,0,0,0,3,0.428571428571429,1.13389341902768,2.64575131106459,0,3,NA
"17594","Mpoly038616.t01","private",0,0,0,0,0,0,3,0.428571428571429,1.13389341902768,2.64575131106459,0,3,NA
"17613","Mpoly020792.t01","private",0,0,0,0,0,0,4,0.571428571428571,1.51185789203691,2.64575131106459,0,4,NA
"17804","Mtrun002124.t01","private",0,0,0,8.5,0,0,0,1.21428571428571,3.21269802057843,2.64575131106459,0,8.5,NA
"18007","Mpoly020748.t01","private",0,0,0,0,0,0,3,0.428571428571429,1.13389341902768,2.64575131106459,0,3,NA
"18068","Mpoly022686.t01","private",0,0,0,0,0,0,3,0.428571428571429,1.13389341902768,2.64575131106459,0,3,NA
"18518","Mpoly037291.t01","private",0,0,0,0,0,0,3,0.428571428571429,1.13389341902768,2.64575131106459,0,3,NA
"18722","Mru035894.t01","dispensable",0,0,3.5,0,0,0,0,0.5,1.3228756555323,2.64575131106459,0,3.5,NA
"19276","Mru035055.t01","private",0,0,3,0,0,0,0,0.428571428571429,1.13389341902768,2.64575131106459,0,3,NA
"21575","Msa067076.t01","dispensable",3.333,0,0,0,0,0,0,0.476142857142857,1.25975558853975,2.64575131106459,0,3.333,NA
"28486","LOC_00033634-mRNA-1","dispensable",0,0,0,3,0,0,0,0.428571428571429,1.13389341902768,2.64575131106459,0,3,NA
"1478","Mara026244.t01","private",0,0,0,0,5,0,0,0.714285714285714,1.88982236504614,2.64575131106459,0,5,NA
"1537","Mara027570.t01","private",0,0,0,0,5,0,0,0.714285714285714,1.88982236504614,2.64575131106459,0,5,NA
"1705","Mara031621.t01","private",0,0,0,0,5,0,0,0.714285714285714,1.88982236504614,2.64575131106459,0,5,NA
"2041","Mara041402.t01","private",0,0,0,0,5,0,0,0.714285714285714,1.88982236504614,2.64575131106459,0,5,NA
"3454","Mpoly008704.t01","private",0,0,0,0,0,0,5,0.714285714285714,1.88982236504614,2.64575131106459,0,5,NA
"4054","Mpoly037109.t01","private",0,0,0,0,0,0,5,0.714285714285714,1.88982236504614,2.64575131106459,0,5,NA
"7107","Msa063212.t02","dispensable",4.667,0,0,0,0,0,0,0.666714285714286,1.76396019553406,2.64575131106459,0,4.667,NA
"7463","Msa004993.t01","dispensable",4.667,0,0,0,0,0,0,0.666714285714286,1.76396019553406,2.64575131106459,0,4.667,NA
"8298","Msa151011.t01","dispensable",5,0,0,0,0,0,0,0.714285714285714,1.88982236504614,2.64575131106459,0,5,NA
"10678","zm4.84G0053700.t1","private",4.667,0,0,0,0,0,0,0.666714285714286,1.76396019553406,2.64575131106459,0,4.667,NA
"10788","evm.model.Chr05.1249","dispensable",0,0,0,100,0,0,0,14.2857142857143,37.7964473009227,2.64575131106459,0,100,NA
"11864","LOC_00033893-mRNA-1","private",0,0,0,5,0,0,0,0.714285714285714,1.88982236504614,2.64575131106459,0,5,NA
"13020","LOC_00010705-mRNA-1","dispensable",0,0,0,4.5,0,0,0,0.642857142857143,1.70084012854152,2.64575131106459,0,4.5,NA
"14607","Mtrun011718.t01","private",0,0,0,5.5,0,0,0,0.785714285714286,2.07880460155075,2.64575131106459,0,5.5,NA
"14647","Mtrun014033.t02","dispensable",0,0,0,4.5,0,0,0,0.642857142857143,1.70084012854152,2.64575131106459,0,4.5,NA
"15058","Mara001956.t01","private",0,0,0,0,5,0,0,0.714285714285714,1.88982236504614,2.64575131106459,0,5,NA
"18474","Mpoly036196.t01","private",0,0,0,0,0,0,5,0.714285714285714,1.88982236504614,2.64575131106459,0,5,NA
"18561","Mpoly038329.t01","private",0,0,0,0,0,0,5,0.714285714285714,1.88982236504614,2.64575131106459,0,5,NA
"18730","Mru003920.t01","dispensable",0,0,5,0,0,0,0,0.714285714285714,1.88982236504614,2.64575131106459,0,5,NA
"108","Mara001689.t01","dispensable",0.667,0.5,0,0,217,0,0,31.1667142857143,81.9452523878276,2.62925541770659,0,217,NA
"3289","Mpoly000002.t01","dispensable",1.667,0.5,0.5,1,1,4,485,70.5238571428571,182.770793575294,2.59161652495926,0.5,485,970
"10481","zm4.64G0013310.t1","dispensable",16.667,0,0.5,0,0,0,0,2.45242857142857,6.27080600500294,2.55697804130137,0,16.667,NA
"162","Mara000738.t01","dispensable",0,0,0,0.5,29,0,1,4.35714285714286,10.8731867672817,2.49548548757286,0,29,NA
"3110","Mara031328.t01","soft_core",5,6,0.5,3,6,3,450,67.6428571428571,168.61512246477,2.49272620328066,0.5,450,900
"11559","Mtrun003296.t01","dispensable",0.333,0,0,43,0,2,0,6.47614285714286,16.1220754704905,2.48945642894654,0,43,NA
"14527","Mtrun007729.t01","dispensable",0.333,0.5,0,15,0,0,0,2.26185714285714,5.62063022648325,2.48496252039302,0,15,NA
"3996","Mpoly022646.t01","dispensable",10,0.5,0,4,0,0,251,37.9285714285714,94.0276681671538,2.47907223039577,0,251,NA
"11732","LOC_00032297-mRNA-1","dispensable",0.333,0,0,4,0,0,0,0.619,1.49603709847049,2.41686122531581,0,4,NA
"17555","Mpoly006508.t01","dispensable",0.333,0,0,0,0,0,4,0.619,1.49603709847049,2.41686122531581,0,4,NA
"10417","LOC_00024402-mRNA-1","dispensable",1.333,0,0,15,0,0,0,2.33328571428571,5.60754452246512,2.40328241335063,0,15,NA
"623","Mara009520.t01","dispensable",0,0,0,0,10,1,0,1.57142857142857,3.73528860362636,2.37700183867132,0,10,NA
"9618","Msa038108.t01","dispensable",5,0,0,0.5,0,0,0,0.785714285714286,1.86764430181318,2.37700183867132,0,5,NA
"86","Mara002214.t01","core",5,4.5,15,7,412,5,5,64.7857142857143,153.151846528986,2.36397558038126,4.5,412,91.5555555555556
"4009","Mpoly036129.t01","dispensable",0.333,0,0,0,0,0,3,0.476142857142857,1.11981433410059,2.35184528613985,0,3,NA
"15094","Mara006071.t01","dispensable",0.333,0,0,0,3,0,0,0.476142857142857,1.11981433410059,2.35184528613985,0,3,NA
"15453","Mara024903.t01","dispensable",0.333,0,0,0,3,0,0,0.476142857142857,1.11981433410059,2.35184528613985,0,3,NA
"15881","Mru034850.t01","dispensable",0.333,0,3,0,0,0,0,0.476142857142857,1.11981433410059,2.35184528613985,0,3,NA
"17211","evm.model.Chr08.737","dispensable",0.333,0,0,0,0,3,0,0.476142857142857,1.11981433410059,2.35184528613985,0,3,NA
"17395","Mpoly032448.t01","dispensable",0.333,0,0,0,0,0,3,0.476142857142857,1.11981433410059,2.35184528613985,0,3,NA
"17505","Mpoly005433.t01","dispensable",0.333,0,0,0,0,0,3,0.476142857142857,1.11981433410059,2.35184528613985,0,3,NA
"17918","LOC_00040677-mRNA-1","dispensable",0.333,0,0,3,0,0,0,0.476142857142857,1.11981433410059,2.35184528613985,0,3,NA
"7181","evm.model.Chr03.434","dispensable",4.333,0.5,0,0,0,0,0,0.690428571428572,1.61699555319352,2.34201714718697,0,4.333,NA
"9082","Mca045492.t02","dispensable",4.333,0.5,0,0,0,0,0,0.690428571428572,1.61699555319352,2.34201714718697,0,4.333,NA
"6037","Mca044262.t02","dispensable",0,0.5,0,4,0,0,0,0.642857142857143,1.49204238418031,2.32095481983604,0,4,NA
"7298","Msa040063.t01","dispensable",7.667,0.5,0,0.5,0,0,0,1.23814285714286,2.84464130302173,2.29750653295859,0,7.667,NA
"4186","Mru003182.t02","dispensable",0,0,3.5,0.5,0,0,0,0.571428571428571,1.30475321512574,2.28331812647004,0,3.5,NA
"2429","Mara019755.t01","dispensable",32.667,0,0,1.5,3,0,0,5.30957142857143,12.1177696498041,2.28225004839317,0,32.667,NA
"7804","Msa112651.t01","dispensable",3.333,0.5,0,0,0,0,0,0.547571428571429,1.24231287754506,2.26876862583235,0,3.333,NA
"7848","Msa113626.t01","dispensable",3.333,0,0,0.5,0,0,0,0.547571428571429,1.24231287754506,2.26876862583235,0,3.333,NA
"6136","zm4.34G0023800.t1","dispensable",9.333,1,0.5,69,0,0,0,11.4047142857143,25.621873251282,2.24660369469986,0,69,NA
"898","Mara014431.t01","dispensable",0,0,0,0.5,3,0,0,0.5,1.11803398874989,2.23606797749979,0,3,NA
"3694","Mpoly021358.t01","dispensable",0,0.5,0,0,0,0,3,0.5,1.11803398874989,2.23606797749979,0,3,NA
"8115","Msa127853.t04","dispensable",3,0.5,0,0,0,0,0,0.5,1.11803398874989,2.23606797749979,0,3,NA
"19340","LOC_00019277-mRNA-1","dispensable",0,0,0.5,3,0,0,0,0.5,1.11803398874989,2.23606797749979,0,3,NA
"21141","Mca035750.t01","dispensable",6,1,0,0,0,0,0,1,2.23606797749979,2.23606797749979,0,6,NA
"1071","Mara018213.t01","dispensable",0.667,0,0,0,4,0,0,0.666714285714286,1.49071199032383,2.23590827775162,0,4,NA
"159","Mara001717.t01","dispensable",12.333,7.5,0,0,398,0,50,66.8332857142857,147.108540616234,2.20112686431619,0,398,NA
"9803","zm4.34G0060090.t1","dispensable",5.333,1,0,0,0,0,0,0.904714285714286,1.98793584020257,2.19730789221822,0,5.333,NA
"2577","Mara018659.t01","dispensable",0,0,0,10.5,2,0,0,1.78571428571429,3.91425964537722,2.19198540141124,0,10.5,NA
"3448","Msa127622.t01","dispensable",1,0,0,0.5,0,0,8,1.35714285714286,2.95401260596337,2.17664086755195,0,8,NA
"25","Mara002510.t01","dispensable",5.333,0.5,0,0.5,33,0,0,5.619,12.2265337279214,2.17592698485877,0,33,NA
"2409","evm.model.Chr02.1683.2.6a7352f3","dispensable",0,0,0,5,0,1,0,0.857142857142857,1.86445447147161,2.17519688338354,0,5,NA
"5805","LOC_00019289-mRNA-2","dispensable",1.333,0.5,0,15,0,0,1,2.54757142857143,5.51658178757894,2.16542771900704,0,15,NA
"1795","Mru035954.t01","soft_core",15,13.5,8.5,14.5,10,5,338,57.7857142857143,123.615282611974,2.13920142962624,5,338,67.6
"202","Mara002839.t01","dispensable",0.667,0,0,0,3,0,0,0.523857142857143,1.11981433410059,2.13763303482523,0,3,NA
"10850","Msa049083.t01","dispensable",0.667,0,0,3,0,0,0,0.523857142857143,1.11981433410059,2.13763303482523,0,3,NA
"12614","Msa016828.t01","dispensable",0.667,0,0,3,0,0,0,0.523857142857143,1.11981433410059,2.13763303482523,0,3,NA
"15327","Mara019524.t01","dispensable",0.667,0,0,0,3,0,0,0.523857142857143,1.11981433410059,2.13763303482523,0,3,NA
"16063","evm.model.Chr01.318","dispensable",0.667,0,0,0,0,0,3,0.523857142857143,1.11981433410059,2.13763303482523,0,3,NA
"21265","Msa127295.t01","dispensable",4.333,0,0,1,0,0,0,0.761857142857143,1.61822458562581,2.12405252191649,0,4.333,NA
"5757","LOC_00023841-mRNA-1","dispensable",2,0.5,0,16,1,0,0,2.78571428571429,5.87265657416601,2.1081331291878,0,16,NA
"2828","zm4.64G0016290.t1","dispensable",0.667,0,0,7.5,1,0,0,1.30957142857143,2.75953038620359,2.10720112396915,0,7.5,NA
"120","Mara001860.t01","dispensable",0,0,0,0,4,0,1,0.714285714285714,1.49602648308619,2.09443707632067,0,4,NA
"3908","Mpoly031241.t02","dispensable",0,0,1,0,0,0,4,0.714285714285714,1.49602648308619,2.09443707632067,0,4,NA
"10705","Msa013619.t01","dispensable",1,0,0,4,0,0,0,0.714285714285714,1.49602648308619,2.09443707632067,0,4,NA
"10719","LOC_00020706-mRNA-2","dispensable",0,0,0,4,0,0,1,0.714285714285714,1.49602648308619,2.09443707632067,0,4,NA
"13369","LOC_00029861-mRNA-1","dispensable",0,0,0,1,4,0,0,0.714285714285714,1.49602648308619,2.09443707632067,0,4,NA
"15282","Mara017903.t01","dispensable",0,0,0,0,1,0,4,0.714285714285714,1.49602648308619,2.09443707632067,0,4,NA
"9475","Msa034648.t01","dispensable",3.667,0,0,1,0,0,0,0.666714285714286,1.37448981010964,2.0615874589174,0,3.667,NA
"21587","Msa029206.t01","dispensable",3.667,1,0,0,0,0,0,0.666714285714286,1.37448981010964,2.0615874589174,0,3.667,NA
"3811","Mpoly026425.t01","dispensable",0,0.5,0,0.5,0,0,4,0.714285714285714,1.46791072779032,2.05507501890645,0,4,NA
"20548","Mca039650.t01","dispensable",4,0.5,0.5,0,0,0,0,0.714285714285714,1.46791072779032,2.05507501890645,0,4,NA
"530","Mara008244.t01","dispensable",0,0,0,2.5,9,0,0,1.64285714285714,3.37533067163162,2.05454910447142,0,9,NA
"5321","zm4.84G0000490.t1","dispensable",3.333,1,0,0,0,0,0,0.619,1.25344604989605,2.02495323084983,0,3.333,NA
"2106","Mara043719.t01","dispensable",0.333,0.5,0,0,3,0,0,0.547571428571429,1.10015511893291,2.00915362184461,0,3,NA
"3361","Mpoly003657.t01","dispensable",0.333,0,0,0.5,0,0,3,0.547571428571429,1.10015511893291,2.00915362184461,0,3,NA
"3451","Mpoly008469.t01","dispensable",0.333,0,0,0.5,0,0,3,0.547571428571429,1.10015511893291,2.00915362184461,0,3,NA
"10888","Mca047144.t01","dispensable",0.333,0.5,0,3,0,0,0,0.547571428571429,1.10015511893291,2.00915362184461,0,3,NA
"12707","Mca025005.t01","dispensable",0.333,0.5,0,3,0,0,0,0.547571428571429,1.10015511893291,2.00915362184461,0,3,NA
"17446","Mpoly009609.t01","dispensable",0.333,0,0,0.5,0,0,3,0.547571428571429,1.10015511893291,2.00915362184461,0,3,NA
"8894","Mca006540.t01","dispensable",9,1.5,1,0,0,0,0,1.64285714285714,3.30043287204226,2.00895913950399,0,9,NA
"16048","Msa075966.t01","dispensable",5.333,0.5,1,0,0,0,0,0.976142857142857,1.95877958846586,2.00665258587165,0,5.333,NA
"793","Mara012569.t01","dispensable",0,0,0,0,3,0,1,0.571428571428571,1.13389341902768,1.98431348329844,0,3,NA
"1151","Mara019952.t01","dispensable",0,0,0,0,3,0,1,0.571428571428571,1.13389341902768,1.98431348329844,0,3,NA
"1625","Mara029963.t01","dispensable",0,0,0,0,3,1,0,0.571428571428571,1.13389341902768,1.98431348329844,0,3,NA
"1692","Mara031188.t01","dispensable",0,0,0,0,3,0,1,0.571428571428571,1.13389341902768,1.98431348329844,0,3,NA
"1782","Mara033969.t01","dispensable",1,0,0,0,3,0,0,0.571428571428571,1.13389341902768,1.98431348329844,0,3,NA
"1932","Mara038249.t01","dispensable",0,0,0,0,1,0,3,0.571428571428571,1.13389341902768,1.98431348329844,0,3,NA
"3578","Mpoly014660.t01","dispensable",1,0,0,0,0,0,3,0.571428571428571,1.13389341902768,1.98431348329844,0,3,NA
"6987","Msa044890.t01","dispensable",3,1,0,0,0,0,0,0.571428571428571,1.13389341902768,1.98431348329844,0,3,NA
"8084","Mara021309.t01","dispensable",3,0,0,0,1,0,0,0.571428571428571,1.13389341902768,1.98431348329844,0,3,NA
"9482","zm4.64G0012300.t1","dispensable",3,0,0,1,0,0,0,0.571428571428571,1.13389341902768,1.98431348329844,0,3,NA
"10694","evm.model.Chr02.3791","dispensable",0,0,0,3,0,0,1,0.571428571428571,1.13389341902768,1.98431348329844,0,3,NA
"14149","Mpoly019564.t01","dispensable",0,0,0,3,0,0,1,0.571428571428571,1.13389341902768,1.98431348329844,0,3,NA
"15115","Mara007303.t01","dispensable",0,0,1,0,3,0,0,0.571428571428571,1.13389341902768,1.98431348329844,0,3,NA
"5655","Mca029102.t01","dispensable",3.333,0.5,0,0.5,0,0,0,0.619,1.21975147741934,1.97051934962737,0,3.333,NA
"8152","Mca030833.t02","dispensable",4.667,1,0,0.5,0,0,0,0.881,1.71258878115365,1.94391462105976,0,4.667,NA
"13262","LOC_00028232-mRNA-1","dispensable",0,0,0,1.5,0,0,4,0.785714285714286,1.52362350055011,1.93915718251832,0,4,NA
"7986","Msa050736.t01","dispensable",1.667,0,0.5,6.5,0,0,0,1.23814285714286,2.39957999301068,1.93804776174856,0,6.5,NA
"14513","Mara028051.t01","dispensable",0.333,0,0,4,1,0,0,0.761857142857143,1.47466972896436,1.93562499582796,0,4,NA
"17431","Mpoly003110.t01","dispensable",0.667,0,0,1,0,0,5,0.952428571428571,1.83007503098852,1.92148270840252,0,5,NA
"5712","Mca031412.t01","dispensable",3,0.5,0,0.5,0,0,0,0.571428571428571,1.09653132758757,1.91892982327824,0,3,NA
"7026","Msa048504.t01","dispensable",3.667,1.5,0,0,0,0,0,0.738142857142857,1.40729675010537,1.90653711065175,0,3.667,NA
"19132","Mca015572.t01","dispensable",3.667,1.5,0,0,0,0,0,0.738142857142857,1.40729675010537,1.90653711065175,0,3.667,NA
"5934","Mca040009.t01","dispensable",4.667,2,0,0,0,0,0,0.952428571428571,1.79958549460173,1.88947029581703,0,4.667,NA
"5492","LOC_00035132-mRNA-1","dispensable",3.333,2.5,0.5,34,2,1,2,6.47614285714286,12.1725504370636,1.87959881453787,0.5,34,68
"5318","Mtrun001704.t01","dispensable",1.667,0.5,0,9,0,0,1,1.73814285714286,3.26294613442982,1.87726004282146,0,9,NA
"75","Mara001210.t01","dispensable",1,0,0,1.5,10,1,0,1.92857142857143,3.61050055888575,1.87211140090372,0,10,NA
"2410","evm.model.Chr02.1709.1.6a7352f8","dispensable",0.333,0,0,3.5,0,0,1,0.690428571428571,1.29254578992298,1.8720919779559,0,3.5,NA
"15469","Mca048452.t01","dispensable",3.333,1.5,0,0,0,0,0,0.690428571428572,1.29241683899363,1.87190520855688,0,3.333,NA
"15932","Mru005669.t01","dispensable",1,0,0.5,4,0,0,0,0.785714285714286,1.46791072779032,1.86825001718768,0,4,NA
"10647","zm4.84G0013420.t1","dispensable",11.333,0,0,5.5,0,0,0,2.40471428571429,4.43862466364998,1.84580126213687,0,11.333,NA
"4129","Mpoly039209.t01","dispensable",0.667,0.5,0,0,0,0,3,0.595285714285714,1.09653495373467,1.84203135976547,0,3,NA
"2682","evm.model.Chr02.2207","dispensable",1,0.5,0,1.5,0,8,0,1.57142857142857,2.89293062810839,1.8409558542508,0,8,NA
"3345","Mpoly002420.t01","dispensable",0,0,0,4,0,0,2,0.857142857142857,1.57359158493889,1.83585684909537,0,4,NA
"15195","Mara013595.t01","dispensable",0,0,0,0,4,0,2,0.857142857142857,1.57359158493889,1.83585684909537,0,4,NA
"10187","zm4.44G0052070.t1","dispensable",3,0,0,1.5,0,0,0,0.642857142857143,1.18019368870416,1.83585684909537,0,3,NA
"10269","Msa045747.t01","dispensable",3,0,0,1.5,0,0,0,0.642857142857143,1.18019368870416,1.83585684909537,0,3,NA
"5223","Mca010092.t01","dispensable",3.667,1,0,0.5,0,0,0,0.738142857142857,1.34678041127367,1.82455252156294,0,3.667,NA
"6429","Mca010950.t02","dispensable",14.333,1.5,0.5,2.5,1,0,0,2.83328571428571,5.14769096179008,1.81686263966775,0,14.333,NA
"13816","zm4.34G0046720.t1","dispensable",0.667,0,0,4,1,0,0,0.809571428571429,1.46384469316737,1.80817237553761,0,4,NA
"5524","Mca023566.t02","dispensable",1.667,3,0,0,0,0,0,0.666714285714286,1.20189665588543,1.80271621838397,0,3,NA
"15761","Mara038547.t01","dispensable",0,0,3.5,0.5,1,0,0,0.714285714285714,1.2863754913562,1.80092568789868,0,3.5,NA
"3153","evm.model.Chr08.352","dispensable",0.333,0,0,0,0,1,3,0.619,1.11271155291926,1.79759540051577,0,3,NA
"19002","Msa039177.t01","dispensable",4.667,0,1,1,0,0,0,0.952428571428571,1.70445727991276,1.78959066437518,0,4.667,NA
"8423","Msa152505.t01","dispensable",3.333,0,0,0.5,0,1,0,0.690428571428572,1.22624411070864,1.77606223359414,0,3.333,NA
"8988","Msa017835.t01","dispensable",3.333,0,0,0.5,0,0,1,0.690428571428572,1.22624411070864,1.77606223359414,0,3.333,NA
"9469","Mca034659.t01","dispensable",3.333,1,0,0.5,0,0,0,0.690428571428572,1.22624411070864,1.77606223359414,0,3.333,NA
"10388","Mca046404.t01","dispensable",8.667,0.5,0,4,0,0,0,1.881,3.33166029680898,1.77121759532641,0,8.667,NA
"3178","LOC_00024220-mRNA-1","dispensable",0,0,0,4.5,1,1,0,0.928571428571429,1.64389201360094,1.7703452454164,0,4.5,NA
"10545","zm4.11G0020780.t1","dispensable",2.333,0,0,3.5,0,0,0,0.833285714285714,1.46243708859398,1.75502479344383,0,3.5,NA
"10480","Msa137742.t01","dispensable",4,0,0,6,0,0,0,1.42857142857143,2.50713268211203,1.75499287747842,0,6,NA
"1233","evm.model.Chr08.4498.2.6a735662","soft_core",24,9.5,5,138,8,4,8,28.0714285714286,48.9271810716604,1.74295301527544,4,138,34.5
"5722","Mca031770.t01","dispensable",4,1.5,0,0.5,0,0,0,0.857142857142857,1.49204238418031,1.74071611487703,0,4,NA
"2786","evm.model.Chr04.4347","dispensable",2.667,0,0,3.5,0,0,0,0.881,1.52368861648304,1.72949899714306,0,3.5,NA
"6901","evm.model.Chr02.3775","dispensable",2.333,0,0,3,0,0,0,0.761857142857143,1.31528861580154,1.72642420975264,0,3,NA
"626","Mara009530.t01","dispensable",1,0,0,0,6,0,2,1.28571428571429,2.21466970556828,1.72252088210866,0,6,NA
"3582","Mpoly015081.t01","dispensable",0,0,0,2,1,0,6,1.28571428571429,2.21466970556828,1.72252088210866,0,6,NA
"5350","Msa015288.t01","dispensable",3,0.5,0,0,0,0,1,0.642857142857143,1.10733485278414,1.72252088210866,0,3,NA
"5706","Mca030996.t01","dispensable",3,0.5,0,0,1,0,0,0.642857142857143,1.10733485278414,1.72252088210866,0,3,NA
"6638","Mpoly021530.t01","dispensable",0,0.5,0,3,0,0,1,0.642857142857143,1.10733485278414,1.72252088210866,0,3,NA
"20350","Mca036021.t01","dispensable",3,0.5,0,1,0,0,0,0.642857142857143,1.10733485278414,1.72252088210866,0,3,NA
"7490","Msa092941.t03","dispensable",3,0,0,2.5,0,0,0,0.785714285714286,1.34960311626366,1.71767669342647,0,3,NA
"15077","Mpoly029227.t01","dispensable",3.333,0,0,0,0,0,3,0.904714285714286,1.54808125478883,1.71112723567375,0,3.333,NA
"2289","Msa020012.t01","dispensable",5,0,0,5,0,0,0,1.42857142857143,2.43975018237133,1.70782512765993,0,5,NA
"1785","Mpoly002023.t01","core",27,20.5,8.5,16.5,30,9,245,50.9285714285714,85.968709700792,1.68802515541527,8.5,245,28.8235294117647
"5060","Mca001792.t03","dispensable",1,1.5,0.5,6,0,0,0,1.28571428571429,2.15748972297944,1.67804756231734,0,6,NA
"10536","Mara028984.t01","dispensable",0.333,0,0,1.5,3,0,0,0.690428571428571,1.15643473041685,1.67495202005337,0,3,NA
"1730","Mara032362.t01","dispensable",0.667,0,0,0,8,0,5,1.95242857142857,3.23421932142018,1.65651095704553,0,8,NA
"2628","zm4.74G0019140.t1","dispensable",1.667,0.5,0,3.5,0,0,0,0.809571428571429,1.33485627904816,1.64884311864074,0,3.5,NA
"2101","Mara043571.t01","dispensable",0.333,0,0,2,2,8,0,1.76185714285714,2.89775501774342,1.64471621861704,0,8,NA
"10328","zm4.74G0017010.t1","dispensable",1.333,0.5,0,3,0,0,0,0.690428571428571,1.13211069204721,1.63972167273546,0,3,NA
"17402","Mpoly002316.t01","dispensable",1.333,0,0,0.5,0,0,3,0.690428571428571,1.13211069204721,1.63972167273546,0,3,NA
"3356","evm.model.Chr01.3113","dispensable",1.333,0,0,1,0,0,4,0.904714285714286,1.47463743728029,1.6299482174265,0,4,NA
"6122","Mca047990.t01","dispensable",4.667,1,0,0.5,0,0,1,1.02385714285714,1.66797806026453,1.62911210016069,0,4.667,NA
"8106","LOC_00003733-mRNA-1","dispensable",3.333,0.5,0,5,0,0,0,1.26185714285714,2.04991482982191,1.6245221112593,0,5,NA
"6472","Mca017587.t03","dispensable",3.667,2,0,0.5,0,0,0,0.881,1.42967140746863,1.62278252834124,0,3.667,NA
"10197","Mca026943.t01","dispensable",4,0.5,0,5.5,0,0,0,1.42857142857143,2.31712054478131,1.62198438134691,0,5.5,NA
"5289","Mca037861.t01","dispensable",8.667,5.5,0,0,0,0,1,2.16671428571429,3.50010317535001,1.61539673155206,0,8.667,NA
"5426","Mca017870.t01","dispensable",3.333,1,0,1,0,0,0,0.761857142857143,1.22786432863074,1.61167266086915,0,3.333,NA
"3181","evm.model.Chr08.1571","dispensable",0,0.5,0,1.5,0,3,0,0.714285714285714,1.14953406710222,1.60934769394311,0,3,NA
"8449","Msa153104.t01","dispensable",3,1.5,0,0.5,0,0,0,0.714285714285714,1.14953406710222,1.60934769394311,0,3,NA
"17208","Mru046061.t01","dispensable",0,0,1.5,0.5,0,0,3,0.714285714285714,1.14953406710222,1.60934769394311,0,3,NA
"5414","Mca018364.t02","dispensable",5.333,1.5,0.5,1,0,0,0,1.19042857142857,1.91576998072514,1.60931115625537,0,5.333,NA
"1461","Mara025645.t01","dispensable",0.667,0,0,0,4,0,2,0.952428571428571,1.53270173844999,1.60925636255436,0,4,NA
"3517","Mru009128.t03","dispensable",0.667,0.5,5,0.5,0,0,1,1.09528571428571,1.75818720223281,1.60523156588361,0,5,NA
"12166","Mca052800.t02","dispensable",2,0.5,0,3.5,0,0,0,0.857142857142857,1.37581144887559,1.60511335702152,0,3.5,NA
"10252","Msa035619.t01","dispensable",11.333,0,0,3,4,0,0,2.619,4.19171329331257,1.60050144838204,0,11.333,NA
"5635","Mca028471.t01","dispensable",4,1.5,0,1,0,0,0,0.928571428571429,1.48404209926166,1.59819918382025,0,4,NA
"2842","Mara032697.t01","dispensable",15.667,2.5,1,1,3,0,1,3.45242857142857,5.48133268032337,1.5876744636183,0,15.667,NA
"3641","Mpoly019127.t01","dispensable",1.667,0,0,0.5,0,0,3,0.738142857142857,1.1701071786481,1.5852042288633,0,3,NA
"15145","Mru008718.t01","dispensable",1,0,6,1.5,0,0,1,1.35714285714286,2.13530414918433,1.57338200466214,0,6,NA
"10240","evm.model.Chr01.1836","dispensable",2.333,0.5,0.5,5,0,0,0,1.19042857142857,1.87185503864864,1.57242112931003,0,5,NA
"6384","Mca003158.t01","dispensable",5.333,0.5,0.5,1,0,0,1,1.19042857142857,1.87176599829705,1.57234633242282,0,5.333,NA
"1928","Mara038094.t01","dispensable",1.333,2,1.5,2,2,22,3,4.83328571428571,7.58839391690331,1.57002800278791,1.333,22,16.5041260315079
"6613","Mca034389.t02","dispensable",5.333,1.5,0,2,0,0,0,1.26185714285714,1.98094694768028,1.56986625537891,0,5.333,NA
"5450","Mpoly002745.t01","dispensable",6.667,1,0,1,0,0,2,1.52385714285714,2.38725451991553,1.56658682285635,0,6.667,NA
"8339","Mara016520.t01","dispensable",3.667,0.5,0,0,3,0,0,1.02385714285714,1.5999429602928,1.56266230250448,0,3.667,NA
"5496","Msa055977.t01","dispensable",10,1.5,0.5,5,0,0,0,2.42857142857143,3.79065266399437,1.5608569792918,0,10,NA
"1568","Mara028467.t01","dispensable",0,0,0,3,1,0,1,0.714285714285714,1.11269728052837,1.55777619273972,0,3,NA
"1645","Mara030303.t01","dispensable",0,0,0,0,1,3,1,0.714285714285714,1.11269728052837,1.55777619273972,0,3,NA
"10708","Mpoly000607.t01","dispensable",1,0,0,3,0,0,1,0.714285714285714,1.11269728052837,1.55777619273972,0,3,NA
"14737","Mtrun018490.t01","dispensable",0,0,0,3,1,1,0,0.714285714285714,1.11269728052837,1.55777619273972,0,3,NA
"5991","Mca041833.t01","dispensable",3.333,0.5,0,2.5,0,0,0,0.904714285714286,1.40708525141937,1.55528134532379,0,3.333,NA
"7285","Mca027810.t01","dispensable",3.667,1.5,0,1,0,0,0,0.881,1.37014366643307,1.55521415032131,0,3.667,NA
"3312","Mpoly001239.t01","dispensable",0.667,0,0,3.5,0,0,2,0.881,1.37002201928777,1.55507607183629,0,3.5,NA
"4660","Mru048924.t03","dispensable",0.667,2,3.5,0,0,0,0,0.881,1.37002201928777,1.55507607183629,0,3.5,NA
"10486","Mpoly022029.t01","dispensable",3,0,0,0.5,0,0,2,0.785714285714286,1.21987509118567,1.55256829787267,0,3,NA
"10624","Mpoly015912.t01","dispensable",3,0.5,0,8.5,0,0,2,2,3.09569593683445,1.54784796841723,0,8.5,NA
"2109","Mara043748.t01","dispensable",1,0.5,0,1,6,1,0,1.35714285714286,2.09591439301732,1.54435797380223,0,6,NA
"3046","Mca039282.t01","dispensable",5.667,1,0,1.5,0,1,0,1.30957142857143,2.01494614131022,1.53863019408438,0,5.667,NA
"8593","Msa004842.t02","dispensable",0.667,0.5,0.5,4.5,0,0,1,1.02385714285714,1.57357898102504,1.53691263669252,0,4.5,NA
"14579","Msa013869.t02","dispensable",1,0.5,0,4,0,0,1,0.928571428571429,1.42678459681701,1.53653725811063,0,4,NA
"842","Mara013438.t01","dispensable",3,0,0,5,11,0,0,2.71428571428571,4.15187851918806,1.52963945443771,0,11,NA
"7609","Msa093381.t01","dispensable",10,2,1,19,0,0,1,4.71428571428571,7.20449595077698,1.52822641380118,0,19,NA
"3311","Mpoly001223.t02","dispensable",4,1,0,0,0,0,2,1,1.52752523165195,1.52752523165195,0,4,NA
"2637","Mca023791.t01","soft_core",111,22,7.5,24,4,0,10,25.5,38.7330608137286,1.51894356132269,0,111,NA
"7142","Msa067067.t01","dispensable",4.667,0,0,1.5,0,0,2,1.16671428571429,1.75605302826972,1.50512687619542,0,4.667,NA
"5745","Mru037807.t02","dispensable",2.333,2,0.5,7,0,0,0,1.69042857142857,2.53935843978637,1.502198012212,0,7,NA
"8771","Mca010640.t07","dispensable",1.333,1,0,3,0,0,0,0.761857142857143,1.13386542831317,1.48829139287309,0,3,NA
"10415","evm.model.Chr03.213","dispensable",1.333,0,0,1,0,0,3,0.761857142857143,1.13386542831317,1.48829139287309,0,3,NA
"6030","Mca047101.t01","dispensable",7.667,3.5,0,2.5,0,0,0,1.95242857142857,2.90399287517163,1.48737470741212,0,7.667,NA
"6618","Msa040093.t01","dispensable",3.667,1,0,0.5,0,0,1,0.881,1.30790940053201,1.48457366689218,0,3.667,NA
"10325","Msa025405.t01","dispensable",11.333,0.5,0,4.5,1,0,2,2.76185714285714,4.09352954586346,1.48216556256371,0,11.333,NA
"7185","Mru042230.t01","dispensable",1.333,1.5,3.5,0,0,0,0,0.904714285714286,1.32585402845181,1.46549474169631,0,3.5,NA
"3103","evm.model.Chr07.3563","dispensable",1,0,0,1.5,0,3,0,0.785714285714286,1.14953406710222,1.4630433581301,0,3,NA
"6637","Mca037412.t01","dispensable",3,1.5,0,1,0,0,0,0.785714285714286,1.14953406710222,1.4630433581301,0,3,NA
"16241","evm.model.Chr01.4435","dispensable",3,1.5,0,1,0,0,0,0.785714285714286,1.14953406710222,1.4630433581301,0,3,NA
"4581","zm4.74G0011750.t1","soft_core",63,12,2,97,2,2,5,26.1428571428571,38.2423350552263,1.46282155948953,2,97,48.5
"13155","Mru045711.t01","dispensable",0.667,0.5,3,1,0,0,0,0.738142857142857,1.07089564206344,1.45079727006853,0,3,NA
"17324","Mpoly027131.t01","dispensable",0.667,0.5,0,3,0,0,1,0.738142857142857,1.07089564206344,1.45079727006853,0,3,NA
"4663","Mara035497.t01","dispensable",1.667,1,9.5,1.5,1,1,0,2.23814285714286,3.24586672701203,1.45025002164321,0,9.5,NA
"5689","Mara025991.t01","dispensable",1.333,0.5,0,0.5,3,0,0,0.761857142857143,1.0965023831212,1.43924933092976,0,3,NA
"5472","Mca020398.t01","dispensable",4,1.5,0,2,0,0,0,1.07142857142857,1.53917108179943,1.43655967634613,0,4,NA
"5849","Mara033505.t01","dispensable",3.333,1,0,0.5,1,0,0,0.833285714285714,1.1901213823648,1.42822727182472,0,3.333,NA
"8183","Mca043396.t01","dispensable",3.333,0.5,0,1,0,0,1,0.833285714285714,1.1901213823648,1.42822727182472,0,3.333,NA
"8695","Mara033384.t01","dispensable",0.333,0,0,2,4,1,0,1.04757142857143,1.49605301344826,1.4281155180878,0,4,NA
"3520","Mara015108.t01","dispensable",0.333,0,0,1,1,0,3,0.761857142857143,1.08381308790945,1.42259358998052,0,3,NA
"5324","Mca014514.t01","dispensable",3.333,1.5,0,1.5,0,0,0,0.904714285714286,1.28318181542156,1.41832823432037,0,3.333,NA
"17802","Mpoly014148.t01","dispensable",3.333,0.5,0,0.5,0,0,2,0.904714285714286,1.28318181542156,1.41832823432037,0,3.333,NA
"48","Mara000684.t01","dispensable",0.667,0,0,2.5,5,1,0,1.30957142857143,1.85697099754258,1.41799901634101,0,5,NA
"13707","Mara009698.t01","dispensable",0,0,0,3,1,0,2,0.857142857142857,1.21498579258791,1.4174834246859,0,3,NA
"5142","Mca010166.t01","dispensable",2.333,4.5,0.5,1,0,0,0,1.19042857142857,1.68439146846795,1.41494543133033,0,4.5,NA
"5800","Mara017533.t01","dispensable",2.333,0.5,0,4.5,1,0,0,1.19042857142857,1.68439146846795,1.41494543133033,0,4.5,NA
"2751","Mca009379.t02","core",107,30.5,6.5,15.5,11,4,8,26.0714285714286,36.7530368035856,1.40970552123342,4,107,26.75
"1828","Mara035344.t01","dispensable",1.333,1.5,0,0,3,0,0,0.833285714285714,1.16664286370276,1.4000514393827,0,3,NA
"3304","Mpoly000799.t01","dispensable",1.667,0.5,0,0.5,0,0,3,0.809571428571429,1.13218429847542,1.39849833939085,0,3,NA
"9432","Mpoly021558.t01","dispensable",1.667,0.5,0,0.5,0,0,3,0.809571428571429,1.13218429847542,1.39849833939085,0,3,NA
"7163","Mru022704.t01","dispensable",6.333,1,2,2,0,0,0,1.619,2.26416879523885,1.39849832936309,0,6.333,NA
"5061","evm.model.Chr02.1494","dispensable",5.333,2,0,3.5,0,0,0,1.54757142857143,2.15739224197045,1.39405018866363,0,5.333,NA
"8714","Mca009164.t01","dispensable",5.667,2,0,4.5,0,0,0,1.73814285714286,2.42270182706357,1.39384505543231,0,5.667,NA
"10104","Mtrun033408.t01","dispensable",6.667,1,0,2,1,0,1,1.66671428571429,2.30952135836885,1.38567322435776,0,6.667,NA
"1789","Mca023298.t01","dispensable",13,4,1,1.5,1,1,1,3.21428571428571,4.45212629778498,1.38510595931088,1,13,13
"9556","Mru020913.t01","dispensable",4,0,0.5,2,0,0,1,1.07142857142857,1.48404209926166,1.38510595931088,0,4,NA
"3257","Mca049624.t01","dispensable",8.333,2,0,1,1,1,1,2.04757142857143,2.83110837288996,1.38266647667827,0,8.333,NA
"963","Mca004574.t03","soft_core",96,48.5,4,11,6,1,11,25.3571428571429,35.0294094127995,1.38144149796956,1,96,96
"6511","Mca017071.t01","dispensable",3.333,2,0,5,0,0,0,1.47614285714286,2.03535029160187,1.37883015979997,0,5,NA
"5292","Mca013105.t01","dispensable",5.333,2.5,0.5,0.5,0,0,1,1.40471428571429,1.93124888041268,1.3748339431393,0,5.333,NA
"3261","evm.model.Chr08.4213","dispensable",0.333,0.5,0,0.5,1,3,0,0.761857142857143,1.04466141701054,1.37120381006447,0,3,NA
"5965","Mara044397.t01","dispensable",1,0.5,0,0,1,3,0,0.785714285714286,1.07459848537112,1.36767079956324,0,3,NA
"5417","Mca046809.t02","dispensable",13.333,5,1,0.5,2,1,1,3.40471428571429,4.63455020162999,1.36121560069693,0.5,13.333,26.666
"5215","Mca043393.t02","dispensable",4,2,0,2.5,0,0,0,1.21428571428571,1.62934401056435,1.3418127145824,0,4,NA
"5843","Mara044982.t01","dispensable",1,1,0,3.5,1,0,0,0.928571428571429,1.23923939806411,1.3345655056075,0,3.5,NA
"2562","Mca016802.t04","dispensable",15.333,9,0.5,35,2,0,4,9.40471428571429,12.5313628776534,1.33245545765153,0,35,NA
"1033","evm.model.Chr01.897","dispensable",6.333,0,0,1.5,1,5,0,1.97614285714286,2.61473086113858,1.32314870440035,0,6.333,NA
"712","Mara014215.t01","dispensable",2.667,1.5,0,0.5,14,5,2,3.66671428571429,4.83906556800263,1.31972801558493,0,14,NA
"624","Mara009521.t01","dispensable",1,1,0,3.5,5,0,0,1.5,1.97905701450632,1.31937134300421,0,5,NA
"5049","Mca001300.t02","dispensable",3.333,2,0,2,0,0,0,1.04757142857143,1.38003911262723,1.3173699425052,0,3.333,NA
"5947","Mtrun007807.t01","dispensable",1.333,1.5,0.5,3.5,0,0,0,0.976142857142857,1.28172441507154,1.31305003739218,0,3.5,NA
"10387","Msa112838.t01","dispensable",8,2.5,0,13,0,0,3,3.78571428571429,4.96535617098732,1.31160351686458,0,13,NA
"7717","Mara034266.t01","dispensable",1.333,0.5,0,0,3,0,1,0.833285714285714,1.09288101125507,1.31153215820084,0,3,NA
"8143","Mpoly028651.t01","dispensable",2.333,0.5,0,3.5,0,0,1,1.04757142857143,1.36997857126098,1.30776626194285,0,3.5,NA
"3835","Mpoly027318.t01","dispensable",4,0.5,0.5,1.5,0,0,6,1.78571428571429,2.32481438071127,1.30189605319831,0,6,NA
"2801","Mca015396.t01","dispensable",8,4.5,4,0.5,0,0,0,2.42857142857143,3.14150403772582,1.2935604861224,0,8,NA
"14837","Mtrun026282.t01","dispensable",1.333,0,1,3.5,0,0,1,0.976142857142857,1.24879307447517,1.27931384769884,0,3.5,NA
"1776","Mara033769.t01","dispensable",0.333,0.5,0,0.5,3,0,2,0.904714285714286,1.14610452028974,1.26681377578212,0,3,NA
"4383","Mca020724.t01","dispensable",6.333,4.5,0.5,3,0,0,0,2.04757142857143,2.59033613373135,1.26507729966647,0,6.333,NA
"5161","Mca006748.t02","dispensable",9.667,6,0,0.5,2,0,2,2.881,3.64233812268987,1.26426175726827,0,9.667,NA
"1426","Mru025028.t01","core",94,36.5,10,14,11,4,8,25.3571428571429,32.0529695526461,1.26406077109027,4,94,23.5
"3737","evm.model.Chr02.4445","dispensable",2.333,0.5,0,1,0,0,3,0.976142857142857,1.22630235920448,1.25627345447554,0,3,NA
"535","Mca002854.t01","soft_core",97.333,57.5,4.5,13,10,6,10,28.3332857142857,35.5569668124935,1.25495387901889,4.5,97.333,21.6295555555556
"7179","Msa067958.t01","dispensable",4.333,1.5,0,2,0,1,0,1.26185714285714,1.57474362236857,1.24795713308955,0,4.333,NA
"3509","Msa044641.t01","dispensable",1,3,0,1,0,0,1,0.857142857142857,1.0690449676497,1.24721912892465,0,3,NA
"6361","zm4.24G0053170.t1","dispensable",3,1,0,1,1,0,0,0.857142857142857,1.0690449676497,1.24721912892465,0,3,NA
"2000","Mru015742.t01","core",13.333,2,1,15,1,2,1,5.04757142857143,6.26395838260821,1.24098459452233,1,15,15
"6910","Mpoly012529.t01","dispensable",3.667,2,0,1,0,0,1,1.09528571428571,1.35703926672317,1.23898198344362,0,3.667,NA
"5702","Mca030869.t01","dispensable",6,1.5,0,6.5,2,0,0,2.28571428571429,2.82632185677697,1.23651581233993,0,6.5,NA
"4375","zm4.44G0042290.t1","soft_core",22.333,4.5,6,5.5,1,1,2,6.04757142857143,7.47496987412308,1.2360283731099,1,22.333,22.333
"4524","evm.model.Chr05.3580","dispensable",0.333,0,1.5,3,0,0,2,0.976142857142857,1.20352986787082,1.23294439852125,0,3,NA
"5778","Mara034298.t01","dispensable",5,2,0,2.5,1,0,0,1.5,1.84842275106824,1.23228183404549,0,5,NA
"2504","evm.model.Chr03.136","dispensable",1.667,0.5,0.5,6.5,1,1,1,1.73814285714286,2.13623129432586,1.22903090821739,0.5,6.5,13
"10440","Mca010180.t01","dispensable",4.667,1.5,0,3.5,1,0,0,1.52385714285714,1.87198223180416,1.22844995056052,0,4.667,NA
"5848","evm.model.Chr05.2309","dispensable",15.333,5,0.5,7.5,2,0,1,4.47614285714286,5.4977253608067,1.2282283064388,0,15.333,NA
"5403","Mpoly011451.t01","dispensable",1.333,0.5,1,4,0,0,1,1.119,1.37002201928777,1.2243270949846,0,4,NA
"6545","Mpoly018761.t01","dispensable",3,2,0,6.5,0,0,2,1.92857142857143,2.3528098702858,1.21997548829634,0,6.5,NA
"390","Mara006237.t01","core",22,14,120,22,21,8,18,32.1428571428571,39.0744100890791,1.21564831388246,8,120,15
"3104","Mca029938.t01","core",102,36,9,16,14,7,12,28,34.0049016074644,1.21446077169516,7,102,14.5714285714286
"1533","Mara027532.t01","dispensable",3,2,1.5,1.5,11,0,2,3,3.64005494464026,1.21335164821342,0,11,NA
"3079","evm.model.Chr08.4046.1.6a7355eb","core",10.333,1.5,1,4.5,1,1,1,2.90471428571429,3.51684833879643,1.21073812873531,1,10.333,10.333
"8035","Mpoly014914.t01","dispensable",4,1.5,0,2,0,0,1,1.21428571428571,1.46791072779032,1.20886765818026,0,4,NA
"6654","Mca039091.t02","dispensable",5.667,3.5,0,2.5,0,0,1,1.80957142857143,2.18681837815755,1.20847309126888,0,5.667,NA
"2229","evm.model.Chr01.747","dispensable",3,0.5,0,6,1,0,2,1.78571428571429,2.15748972297944,1.20819424486849,0,6,NA
"3601","Mpoly015469.t01","dispensable",1,0.5,0,1.5,4,0,1,1.14285714285714,1.37581144887559,1.20383501776614,0,4,NA
"5779","Mca033880.t01","dispensable",12.333,5,1,5,0,1,1,3.619,4.34784931508288,1.20139522384164,0,12.333,NA
"3670","Msa093192.t01","dispensable",3,0.5,0.5,1,0,0,1,0.857142857142857,1.02933172958178,1.2008870178454,0,3,NA
"3023","Mca036124.t01","dispensable",3.333,3,0,1,0,1,0,1.19042857142857,1.42530977418277,1.19730810263764,0,3.333,NA
"1061","Mca043223.t01","dispensable",7.333,2,1,5.5,1,0,0,2.40471428571429,2.87356727862111,1.19497243214803,0,7.333,NA
"2970","evm.model.Chr06.1487","dispensable",9.667,3,0.5,2,0,3,1,2.73814285714286,3.27156702659808,1.19481239558546,0,9.667,NA
"2816","evm.model.Chr05.655","dispensable",3,0,0,1,0,3,1,1.14285714285714,1.3451854182691,1.17703724098546,0,3,NA
"6126","Mara043799.t01","dispensable",5,2.5,0,1,1,0,1,1.5,1.75594229214212,1.17062819476142,0,5,NA
"5089","zm4.34G0000410.t1","soft_core",10.667,5.5,0.5,1.5,1,2,1,3.16671428571429,3.70446427590125,1.16981323279238,0.5,10.667,21.334
"5205","Mca008977.t02","dispensable",1.667,3,0,1,0,0,1,0.952428571428571,1.11273295046369,1.16831118242775,0,3,NA
"5688","Mara030054.t01","dispensable",8.667,3.5,0.5,2,1,0,2,2.52385714285714,2.944710083555,1.16674990574998,0,8.667,NA
"6202","Mru015077.t02","dispensable",4,2,1,2,0,0,0,1.28571428571429,1.49602648308619,1.16357615351148,0,4,NA
"17244","evm.model.Chr08.1549","dispensable",2,1,0,0.5,0,1,4,1.21428571428571,1.40999831138028,1.16117507996023,0,4,NA
"1788","Msa032705.t03","core",88,64,5,16.5,7,4,17,28.7857142857143,33.3939330104251,1.16008700284355,4,88,22
"5846","Mpoly025465.t01","dispensable",3.333,0.5,0.5,2.5,0,0,1,1.119,1.29703263901363,1.15909976676821,0,3.333,NA
"6277","Mpoly008259.t01","dispensable",1.333,1,0,1.5,1,1,6,1.69042857142857,1.95891329203574,1.15882642138512,0,6,NA
"3685","Mpoly021043.t01","dispensable",8.667,3.5,1,2,0,0,3,2.59528571428571,3.00605869948707,1.15827659472723,0,8.667,NA
"5189","evm.model.Chr02.1312","dispensable",2,0.5,0,3,0,0,2,1.07142857142857,1.23923939806411,1.15662343819316,0,3,NA
"5253","Mca011384.t01","dispensable",9.333,8,0.5,6,1,0,0,3.54757142857143,4.08774688784025,1.15226626726057,0,9.333,NA
"2439","Msa149972.t01","core",92.667,53,7.5,20,7,5,15,28.5952857142857,32.7301856941177,1.14460075766147,5,92.667,18.5334
"1620","Mara012223.t01","core",20.333,20,117,19,16,16,20,32.619,37.2546121574229,1.14211386484634,16,117,7.3125
"5077","Msa036142.t01","dispensable",7.333,3.5,0,7.5,1,0,1,2.90471428571429,3.29674924303147,1.13496506670045,0,7.5,NA
"5096","Mara003657.t01","dispensable",3,4,0,2,1,0,0,1.42857142857143,1.61834718742537,1.13284303119776,0,4,NA
"17117","Mpoly028057.t01","dispensable",3.333,1.5,0,1,0,0,3,1.26185714285714,1.42670394366075,1.13063824358941,0,3.333,NA
"45","Mara000623.t01","dispensable",1.333,0,0,3,3,0,1,1.19042857142857,1.34517952422008,1.12999600018487,0,3,NA
"4492","Mca006787.t01","soft_core",89.333,63,6,11.5,13,5,18,29.4047142857143,33.123944847166,1.12648415914922,5,89.333,17.8666
"3686","Mpoly000714.t01","dispensable",6,3,0,1,1,0,7,2.57142857142857,2.8784916685157,1.11941342664499,0,7,NA
"1171","Mara035769.t01","core",20.667,14.5,127.5,22.5,27,13,29,36.3095714285714,40.6410712779455,1.11929360989278,13,127.5,9.80769230769231
"2068","Mpoly023742.t02","dispensable",10,6,0,4,1,1,1,3.28571428571429,3.63841933236058,1.1073450141967,0,10,NA
"3508","Msa149613.t01","dispensable",1.333,0.5,0,1.5,1,1,5,1.47614285714286,1.63421259618319,1.1070829549291,0,5,NA
"4638","Mca001791.t01","dispensable",19.667,6,1,15,3,1,2,6.80957142857143,7.50776317902882,1.102530938662,1,19.667,19.667
"3438","Mara029136.t01","core",81.667,29,4,28,8,5,17,24.6667142857143,27.1703617121935,1.10149902404834,4,81.667,20.41675
"2260","Mpoly002333.t01","dispensable",4.333,2,0,5,0,0,2,1.90471428571429,2.09679650215002,1.10084568477088,0,5,NA
"572","Mara002373.t01","core",89,37.5,5.5,16.5,15,3,22,26.9285714285714,29.641508862051,1.10074568718492,3,89,29.6666666666667
"5296","Mpoly038111.t01","dispensable",3,2,0,3.5,0,0,1,1.35714285714286,1.49204238418031,1.09939965150128,0,3.5,NA
"2656","Mru036287.t01","core",91,35.5,11.5,15,11,9,16,27,29.590257405662,1.09593545946896,9,91,10.1111111111111
"4601","Mca017247.t01","soft_core",10.333,3,1,3,2,1,1,3.04757142857143,3.3355920942237,1.09450825760868,1,10.333,10.333
"3876","Mara038357.t01","dispensable",6.333,1.5,1,1,1,1,1,1.83328571428571,1.99291802091688,1.08707442892684,1,6.333,6.333
"9801","Mca046835.t01","dispensable",3.333,2.5,1,2,0,0,0,1.26185714285714,1.36704699121518,1.08336113874179,0,3.333,NA
"3656","Mpoly019982.t01","dispensable",1.667,0,0,3,2,0,1,1.09528571428571,1.18190054774584,1.07907967056487,0,3,NA
"4373","evm.model.Chr05.3327","dispensable",2.667,0.5,4,1.5,0,0,1,1.381,1.486761693525,1.07658341312455,0,4,NA
"2864","LOC_00040469-mRNA-2","dispensable",12,3,3,16.5,1,2,2,5.64285714285714,6.06021373189019,1.07396192717041,1,16.5,16.5
"3090","zm4.74G0011930.t1","dispensable",1,0,0,3,3,2,0,1.28571428571429,1.38013111868471,1.07343531453255,0,3,NA
"5155","Mara006368.t01","dispensable",4,2,0,1,1,0,1,1.28571428571429,1.38013111868471,1.07343531453255,0,4,NA
"2021","Mru049599.t01","dispensable",1.667,0.5,0.5,4,1,0,1,1.23814285714286,1.32588994371974,1.07086992108437,0,4,NA
"2275","Mara035831.t01","dispensable",5.333,0,0,6,1,3,1,2.33328571428571,2.49437144482571,1.06903815060185,0,6,NA
"5679","Mara026268.t01","dispensable",3.333,1,0.5,2.5,1,0,0,1.19042857142857,1.27076405587909,1.06748450631869,0,3.333,NA
"3712","Mca030983.t01","dispensable",3,2,0,0,1,0,2,1.14285714285714,1.21498579258791,1.06311256851442,0,3,NA
"6148","zm4.84G0048910.t1","dispensable",3,2,0,2,0,1,0,1.14285714285714,1.21498579258791,1.06311256851442,0,3,NA
"3681","Mara032400.t01","dispensable",0.667,0,0,3.5,1,1,2,1.16671428571429,1.23601061407062,1.05939442861447,0,3.5,NA
"3197","Mru040692.t02","dispensable",9.333,6,0.5,2.5,0,3,1,3.19042857142857,3.37522956538479,1.05792356412903,0,9.333,NA
"3102","evm.model.Chr07.3538.1.6a7354cb","dispensable",7.667,2,1,2.5,1,1,1,2.30957142857143,2.43905882511697,1.05606555179185,1,7.667,7.667
"3207","evm.model.Chr08.2709","dispensable",1.333,0.5,0,1,0,3,1,0.976142857142857,1.0293124612367,1.05446908073421,0,3,NA
"2341","Mpoly019591.t01","dispensable",7.333,3,0,4,1,0,2,2.47614285714286,2.60940302422932,1.0538176408934,0,7.333,NA
"5619","Mca027832.t01","dispensable",4.333,2.5,0.5,2.5,0,0,1,1.54757142857143,1.62070189086322,1.04725498348034,0,4.333,NA
"375","Mca002304.t01","core",83,56.5,7.5,20,11,4,17,28.4285714285714,29.7383430543641,1.04607236874648,4,83,20.75
"4124","Mara018514.t01","dispensable",8.667,4.5,0,3,2,0,2,2.881,3.00737321705615,1.04386435857555,0,8.667,NA
"1570","Mara033242.t01","core",25.667,15.5,108.5,25,23,11,19,32.5238571428571,33.9182495245483,1.0428729094328,11,108.5,9.86363636363636
"9495","LOC_00022242-mRNA-2","dispensable",3,1,0.5,1.5,0,0,1,1,1.04083299973307,1.04083299973307,0,3,NA
"5720","evm.model.Chr05.2557","dispensable",2.667,0.5,1,3,0,1,0,1.16671428571429,1.21342033309233,1.04003212093135,0,3,NA
"3728","Mpoly023181.t01","dispensable",4,2.5,0,0.5,1,0,2,1.42857142857143,1.48404209926166,1.03882946948316,0,4,NA
"4303","Mru009473.t01","dispensable",3.667,1.5,4,3,0,0,0,1.73814285714286,1.80503484994717,1.03848474970249,0,4,NA
"1103","evm.model.Chr02.1521","core",84.333,40,7.5,31.5,9,5,14,27.3332857142857,28.380730943807,1.03832123369544,5,84.333,16.8666
"119","Mara001265.t01","core",41,43.5,17,18.5,131,31,4,40.8571428571429,42.1452985572079,1.03152828636523,4,131,32.75
"4398","evm.model.Chr04.729","dispensable",1.667,0.5,1,3,0,0,1,1.02385714285714,1.05600701206186,1.03140073732845,0,3,NA
"2351","evm.model.Chr02.12","dispensable",5,4.5,0.5,2,0,0,2,2,2.06155281280883,1.03077640640442,0,5,NA
"5520","Mca021747.t01","dispensable",3.667,2,0,1,1,0,1,1.23814285714286,1.27252405721482,1.0277683628134,0,3.667,NA
"5447","evm.model.Chr03.4170","dispensable",4.667,2,0,3.5,0,0,3,1.881,1.92629878263991,1.02408228742154,0,4.667,NA
"3267","evm.model.Chr08.4333.10.6a73563f","soft_core",7,1,1,2,2,1,1,2.14285714285714,2.19306265517513,1.02342923908173,1,7,7
"4202","Mpoly003503.t01","dispensable",1,0.5,1,3,0,0,2,1.07142857142857,1.09653132758757,1.02342923908173,0,3,NA
"1002","LOC_00033539-mRNA-1","core",89.667,41,7,21,12,11,19,28.6667142857143,29.1110154793352,1.01549885310164,7,89.667,12.8095714285714
"2648","evm.model.Chr04.608","dispensable",2.667,1,0.5,4.5,1,1,0,1.52385714285714,1.54692732306891,1.01513933265983,0,4.5,NA
"1186","Mara041960.t01","core",23.667,19.5,112.5,29.5,17,11,29,34.5952857142857,34.9762784694345,1.01101285181731,11,112.5,10.2272727272727
"5963","Mca041005.t01","dispensable",3.333,1.5,0.5,2,0,0,1,1.19042857142857,1.20340127100133,1.01089750354126,0,3.333,NA
"3279","Mara045721.t01","soft_core",6.667,2.5,1,13.5,3,2,2,4.381,4.40826424646557,1.00622329296178,1,13.5,13.5
"3815","zm4.54G0055160.t1","dispensable",6.333,1.5,0,2.5,1,1,2,2.04757142857143,2.05178977619889,1.00206017117088,0,6.333,NA
"2678","evm.model.Chr04.1452","dispensable",3.667,1.5,1.5,1,0,0,1,1.23814285714286,1.2393482734313,1.00097356801882,0,3.667,NA
"4294","Mca012303.t01","dispensable",4,0.5,1,1.5,1,0,1,1.28571428571429,1.2863754913562,1.00051427105482,0,4,NA
"2897","Mca013361.t01","core",73,54.5,9,14.5,11,7,15,26.2857142857143,26.2961612262721,1.000397437956,7,73,10.4285714285714
"2177","Mca002620.t01","core",76,66.5,9,25.5,9,5,15,29.4285714285714,29.4341476455332,1.00018948310064,5,76,15.2
"3152","Mca047454.t01","dispensable",3.667,0.5,0,1,1,1,1,1.16671428571429,1.1667857150145,1.00006122261559,0,3.667,NA
"3186","evm.model.Chr08.2033","dispensable",1,0,0,1,1,3,1,1,1,1,0,3,NA
"3550","Mpoly005547.t02","dispensable",1.667,3,0,2,0,0,3,1.381,1.38014262547994,0.999379163997061,0,3,NA
"8448","Msa153053.t01","dispensable",1.667,1,0,2,4,0,1,1.381,1.38014262547994,0.999379163997061,0,4,NA
"2945","Mca012509.t01","dispensable",1,1.5,1,4.5,1,1,0,1.42857142857143,1.42678459681701,0.998749217771909,0,4.5,NA
"775","Mca003970.t01","core",75.667,57,8.5,15.5,12,8,15,27.381,27.3006738683621,0.997066355076953,8,75.667,9.458375
"3319","Msa091065.t01","dispensable",11.667,5.5,0,7.5,0,1,5,4.381,4.36399591353307,0.996118674625216,0,11.667,NA
"2536","LOC_00008253-mRNA-1","dispensable",4.333,1.5,1,5.5,0,1,1,2.04757142857143,2.03826101183851,0.995452946547797,0,5.5,NA
"7171","evm.model.Chr07.199","dispensable",2,1.5,0,5,0,1,3,1.78571428571429,1.77616494300555,0.994652368083107,0,5,NA
"3649","evm.model.Chr03.1856","dispensable",3.333,2,0,2,0,0,3,1.47614285714286,1.46377963147593,0.991624641472129,0,3.333,NA
"2964","evm.model.Chr06.1423","dispensable",1.333,0.5,0,1,0,2,3,1.119,1.10013347675028,0.983139836237966,0,3,NA
"6102","Mca046935.t01","dispensable",3.333,1,0,2,1,0,1,1.19042857142857,1.16826421913636,0.981381199322514,0,3.333,NA
"1713","Mara031776.t01","dispensable",1.333,0.5,0,4.5,3,1,1,1.619,1.57737978939759,0.97429264323508,0,4.5,NA
"4773","Mca000259.t03","dispensable",0.333,3.5,1.5,3,0,0,2,1.47614285714286,1.43514835801871,0.972228637000967,0,3.5,NA
"853","evm.model.Chr05.3296","core",27.333,27,24,28,43,23,142,44.9047142857143,43.3263955986582,0.964851826536213,23,142,6.17391304347826
"1946","Msa094942.t01","dispensable",3,0.5,0,2.5,3,0,1,1.42857142857143,1.36713116380529,0.956991814663706,0,3,NA
"5279","Mru015291.t02","dispensable",9,5.5,1.5,7.5,0,0,3,3.78571428571429,3.61544306709822,0.955022696969341,0,9,NA
"10397","Mpoly004820.t01","dispensable",2,1,1.5,3.5,0,0,1,1.28571428571429,1.21987509118567,0.948791737588852,0,3.5,NA
"721","Mara019401.t01","core",67.333,69,10.5,21,12,5,17,28.8332857142857,27.3388439569921,0.94816956443666,5,69,13.8
"1641","Mca037845.t01","core",73.667,50,4,25,16,8,13,27.0952857142857,25.5530341754444,0.943080447458497,4,73.667,18.41675
"156","Mara023323.t01","core",31.333,17.5,101,27.5,21,5,29,33.1904285714286,31.2010284224583,0.940061028597779,5,101,20.2
"3873","Mpoly029016.t01","dispensable",6,4.5,1.5,14.5,2,1,5,4.92857142857143,4.63167150739136,0.939759436282305,1,14.5,14.5
"4420","LOC_00004653-mRNA-1","dispensable",1.333,0.5,2.5,1.5,0,0,3,1.26185714285714,1.18187032968532,0.936611831517855,0,3,NA
"5152","Mca006467.t01","dispensable",3.333,3.5,0,2,1,0,1,1.54757142857143,1.44879534523719,0.936173489952953,0,3.5,NA
"5476","Mca020457.t01","dispensable",7.333,2.5,0.5,2,2,0,5,2.76185714285714,2.57804528202871,0.933446282222156,0,7.333,NA
"688","Mara010677.t01","soft_core",33.333,22.5,21,29.5,26,31,130,41.9047142857143,39.1014776648074,0.93310450461984,21,130,6.19047619047619
"1418","Mara040941.t01","core",26.333,17,104.5,26.5,21,14,29,34.0475714285714,31.539042068824,0.926322810864495,14,104.5,7.46428571428571
"1624","Mara043410.t01","core",86,33.5,10.5,20.5,15,12,23,28.6428571428571,26.4696591807083,0.924127751944929,10.5,86,8.19047619047619
"6516","Mca018647.t02","dispensable",5,4.5,0,3,1,0,2,2.21428571428571,2.03832330722138,0.920533106487075,0,5,NA
"5639","LOC_00008252-mRNA-1","dispensable",0.667,0.5,4,1,1,1,1,1.30957142857143,1.203470517177,0.918980432010366,0.5,4,8
"289","Msa003844.t01","dispensable",8,1,0.5,3.5,4,1,2,2.85714285714286,2.6254251356413,0.918898797474455,0.5,8,16
"3530","Mara021432.t01","dispensable",3.333,0.5,0,1.5,3,0,3,1.619,1.48664958884063,0.918251753453135,0,3.333,NA
"6266","evm.model.Chr08.3458","dispensable",3.667,2.5,0,2.5,0,1,1,1.52385714285714,1.39594083310283,0.91605754492545,0,3.667,NA
"5197","Mara031555.t01","dispensable",3.333,4,0,1.5,1,0,2,1.69042857142857,1.54682727511756,0.915050361347328,0,4,NA
"966","Mara016083.t01","dispensable",1.333,1,0,1.5,3,0,1,1.119,1.02158063803109,0.912940695291408,0,3,NA
"3878","Mpoly010007.t01","dispensable",6.333,4.5,1,4,0,0,3,2.69042857142857,2.43885381939569,0.906492684955654,0,6.333,NA
"1248","LOC_00005436-mRNA-1","core",68.667,61,15.5,18,8,4,24,28.4524285714286,25.786372524114,0.90629776855,4,68.667,17.16675
"1177","Mara020252.t01","dispensable",1.667,1,0.5,4,1,0,2,1.45242857142857,1.30780017040612,0.900423054277846,0,4,NA
"799","evm.model.Chr03.4398","core",27.667,16,101,23.5,23,12,34,33.881,30.4637975363108,0.899141038821486,12,101,8.41666666666667
"1488","Mca009450.t01","dispensable",2.667,3.5,0.5,4.5,1,0,1,1.881,1.68798509077144,0.897387076433514,0,4.5,NA
"794","Mca046730.t01","core",80.333,52.5,19.5,17,17,3,20,29.9047142857143,26.8230228641633,0.896949645059037,3,80.333,26.7776666666667
"3538","Mpoly027008.t01","core",31.333,14.5,4.5,20.5,4,3,6,11.9761428571429,10.7200039245728,0.895113230732646,3,31.333,10.4443333333333
"275","evm.model.Chr02.3510","dispensable",2,4,0,1,1,1,1,1.42857142857143,1.2724180205607,0.890692614392492,0,4,NA
"15044","Mara000209.t01","dispensable",3,0,0,2,1,1,3,1.42857142857143,1.2724180205607,0.890692614392492,0,3,NA
"10523","Mara029652.t01","dispensable",3,2,0,1.5,1,0,1,1.21428571428571,1.07459848537112,0.884963458540922,0,3,NA
"2314","LOC_00025500-mRNA-1","dispensable",2.667,0.5,1,4,1,0,4,1.881,1.66311765468752,0.884166748903522,0,4,NA
"5642","Mca028701.t02","soft_core",5.667,2.5,0.5,2.5,1,1,1,2.02385714285714,1.78852382600581,0.883720391193668,0.5,5.667,11.334
"937","Mara017824.t01","soft_core",86,36.5,14.5,27,14,14,16,29.7142857142857,26.2517573107928,0.883472601805526,14,86,6.14285714285714
"1609","Mara024241.t01","core",29,21,103.5,31.5,26,7,30,35.4285714285714,31.1587715999692,0.879481456450744,7,103.5,14.7857142857143
"5107","Mca004208.t01","dispensable",1.667,1,0,3,1,0,2,1.23814285714286,1.08381308790945,0.875353826625836,0,3,NA
"8754","Mtrun003558.t02","dispensable",2.667,1,1,2,0,0,3,1.381,1.20849506963551,0.875086943979369,0,3,NA
"2181","Mara009019.t01","soft_core",84,39.5,14.5,33,12,13,14,30,26.2186320517808,0.873954401726026,12,84,7
"2162","Mara001806.t01","soft_core",69.333,61.5,8.5,19.5,17,8,20,29.119,25.362050922589,0.870979460922046,8,69.333,8.666625
"2022","Mca037474.t01","dispensable",4.333,1,1,1,2,0,4,1.90471428571429,1.65223754489538,0.867446397230004,0,4.333,NA
"2209","Mca020228.t01","dispensable",16.667,10,3.5,5.5,3,1,4,6.23814285714286,5.38342989888328,0.862985991530973,1,16.667,16.667
"4527","evm.model.Chr05.3609","dispensable",5.333,2.5,1.5,3,0,1,1,2.04757142857143,1.76035260266638,0.859727078676107,0,5.333,NA
"930","Mara015121.t01","core",22,15.5,8.5,32,27,88,22,30.7142857142857,26.375267996833,0.858729655710841,8.5,88,10.3529411764706
"2067","Mpoly005769.t02","core",76.333,38,23.5,13.5,12,4,30,28.1904285714286,24.1603154219003,0.857039663681707,4,76.333,19.08325
"1045","Msa019898.t01","core",70.667,25.5,12.5,29,8,8,24,25.381,21.740740412108,0.856575407277413,8,70.667,8.833375
"1583","Msa091980.t01","dispensable",3.667,1,0,3,1,1,1,1.52385714285714,1.30332298741479,0.855278983022736,0,3.667,NA
"1359","Mara038832.t01","core",24.333,17,85.5,22.5,23,13,21,29.4761428571429,25.0156414564206,0.848674182970947,13,85.5,6.57692307692308
"554","Mpoly015064.t01","core",71.667,55.5,7,20.5,16,4,40,30.6667142857143,25.7375449924443,0.839266468283948,4,71.667,17.91675
"2695","Mara035554.t01","dispensable",2.333,0,0.5,0.5,2,1,3,1.33328571428571,1.11798430434506,0.838518175336485,0,3,NA
"1330","Mara034672.t01","core",66.333,53,6.5,26,21,3,20,27.9761428571429,23.4473342651752,0.838118906702272,3,66.333,22.111
"451","Mca024483.t02","dispensable",8,5.5,1,5,1,0,4,3.5,2.92973263854116,0.837066468154616,0,8,NA
"3041","Mca008673.t01","core",72.333,61.5,10,21,23,7,20,30.6904285714286,25.6254952723334,0.834967006494969,7,72.333,10.3332857142857
"1305","Mara025023.t01","core",70.333,55,16.5,23.5,11,7,19,28.9047142857143,24.0792211025349,0.833055150260928,7,70.333,10.0475714285714
"1991","evm.model.Chr06.1387","core",73.333,41.5,30.5,14.5,8,10,18,27.9761428571429,23.2731136179968,0.831891434671265,8,73.333,9.166625
"3242","evm.model.Chr08.3740","dispensable",2.333,0.5,0,3,1,1,1,1.26185714285714,1.04458164330214,0.82781291782124,0,3,NA
"917","Mca016246.t01","core",84.667,34.5,20,25.5,13,12,23,30.381,25.13286282274,0.827255943607518,12,84.667,7.05558333333333
"2735","evm.model.Chr04.2859.1.6a7354d3","dispensable",3.333,2,3,2,0,0,1,1.619,1.33920137893199,0.82717812163804,0,3.333,NA
"1130","Mara001548.t01","core",28,18,90,22.5,22,10,37,32.5,26.688012290165,0.821169608928155,10,90,9
"527","Mpoly021068.t01","core",26.333,18,93.5,36.5,26,11,24,33.619,27.5477366341895,0.819409757404727,11,93.5,8.5
"1077","Mara018344.t01","dispensable",4.333,2,0,1.5,3,0,3,1.97614285714286,1.6170397262252,0.818280783891883,0,4.333,NA
"1440","Mara037960.t01","core",26.333,23,93,30,20,13,27,33.1904285714286,26.9511751373797,0.812016484794058,13,93,7.15384615384615
"7577","Msa094901.t01","dispensable",9,6,0,7.5,1,2,4,4.21428571428571,3.41390713183032,0.810079658400414,0,9,NA
"1638","zm4.74G0013090.t1","core",71.333,41.5,13.5,26.5,12,14,13,27.4047142857143,22.1623492039561,0.808705720223804,12,71.333,5.94441666666667
"3704","Mara025437.t01","dispensable",9.333,6,4,9.5,1,0,3,4.69042857142857,3.77169386602991,0.804125637687977,0,9.5,NA
"2262","Mara002364.t01","dispensable",6,2.5,2,4.5,1,0,2,2.57142857142857,2.04997096378972,0.797210930362669,0,6,NA
"4697","Msa068184.t01","soft_core",4.333,0.5,2.5,4.5,1,1,1,2.119,1.68788635083448,0.796548537439584,0.5,4.5,9
"373","Mca029086.t01","core",73.667,56,11,23,41,3,18,32.2381428571429,25.6636640176247,0.796065211676376,3,73.667,24.5556666666667
"2115","Mara043960.t01","core",1.333,1,4.5,1.5,1,1,1,1.619,1.28638783679988,0.794557033230313,1,4.5,4.5
"3348","Msa094477.t01","dispensable",2,1,0,3,2,0,2,1.42857142857143,1.13389341902768,0.793725393319377,0,3,NA
"941","Mara025845.t01","core",27.333,20.5,90,29.5,24,11,27,32.7618571428571,25.9814610342873,0.793039934244139,11,90,8.18181818181818
"1780","Mara033903.t01","dispensable",2.333,0.5,0.5,3.5,3,0,3,1.83328571428571,1.45294720187231,0.792537240949596,0,3.5,NA
"1164","Mara039924.t01","core",27.333,22.5,91,27,22,13,28,32.9761428571429,26.1035147852326,0.791587873036473,13,91,7
"3137","Mara040019.t01","dispensable",2.667,1,0.5,4,1,1,1,1.59528571428571,1.26150263763573,0.790769093171856,0.5,4,8
"2213","evm.model.Chr01.235.2.6a7350ff","dispensable",3,2.5,1,2.5,0,0,2,1.57142857142857,1.23923939806411,0.788606889677158,0,3,NA
"2325","evm.model.Chr01.4340","soft_core",23.333,12,3,12.5,4,5,5,9.26185714285714,7.29388905017004,0.787519062070093,3,23.333,7.77766666666667
"1926","Mca048798.t01","core",66.667,48.5,10,21,15,10,22,27.5952857142857,21.6650268613903,0.785098842088617,10,66.667,6.6667
"2183","Mca013724.t01","core",36.667,22,7,15.5,6,5,10,14.5952857142857,11.4568926373935,0.784972138378876,5,36.667,7.3334
"811","Mara027826.t01","core",28,19.5,98.5,24,25,23,32,35.7142857142857,27.9640500507007,0.78299340141962,19.5,98.5,5.05128205128205
"5999","Mca042366.t01","dispensable",3.667,1.5,0.5,3,1,0,3,1.80957142857143,1.41568874370308,0.782333718001231,0,3.667,NA
"4550","Mca046853.t02","dispensable",2.667,1.5,1,1.5,1,0,4,1.66671428571429,1.30175096367492,0.781028263111718,0,4,NA
"344","Mara020996.t01","core",27.667,19.5,95,27.5,25,19,28,34.5238571428571,26.9372292093339,0.780249700891463,19,95,5
"2815","Mru019121.t02","dispensable",1.667,1.5,3.5,1,1,0,1,1.381,1.07461326376826,0.77814139302553,0,3.5,NA
"15230","Mara015948.t01","dispensable",1.667,1.5,0,1.5,2,0,3,1.381,1.07461326376826,0.77814139302553,0,3,NA
"256","Mara043406.t01","core",24.667,18,85.5,29,19,11,39,32.3095714285714,25.097649450743,0.776786826350445,11,85.5,7.77272727272727
"3100","Mara008635.t01","core",28.667,22,80,21,15,11,32,29.9524285714286,23.2262819800985,0.775439024074792,11,80,7.27272727272727
"2034","Mara041089.t01","dispensable",1,0.5,0,1.5,2,3,1,1.28571428571429,0.994029797388005,0.773134286857337,0,3,NA
"2139","Mara044685.t01","dispensable",3.667,2,0,1,1,1,2,1.52385714285714,1.16846800392243,0.766783165600172,0,3.667,NA
"797","Mara040635.t01","core",30.333,23.5,84,29,14,10,33,31.9761428571429,24.4847738566139,0.765720054667084,10,84,8.4
"6105","Msa153211.t01","dispensable",3.667,3.5,0.5,2.5,0,1,2,1.881,1.4393147675196,0.765185947644657,0,3.667,NA
"2550","Msa092428.t01","core",33,15,87,30.5,15,16,37,33.3571428571429,25.4111430375769,0.76179015530209,15,87,5.8
"1992","Mara035246.t01","core",29,18.5,84,29,17,15,29,31.6428571428571,23.8968517551899,0.755205247342345,15,84,5.6
"3134","Mca040249.t01","dispensable",11.667,7,1.5,8.5,1,3,4,5.23814285714286,3.94866865447801,0.753829890128618,1,11.667,11.667
"4629","Mca042858.t01","dispensable",1.333,1.5,1.5,3.5,1,1,0,1.40471428571429,1.05785422976352,0.753074301672393,0,3.5,NA
"2781","Mara023489.t01","dispensable",6.667,2.5,2,4,2,0,7,3.45242857142857,2.5904969830223,0.750340500730586,0,7,NA
"1497","Mara026644.t01","dispensable",2.333,3,1,1,1,0,1,1.33328571428571,0.999944450838098,0.749985123311549,0,3,NA
"2469","Mara029026.t01","soft_core",24.333,15.5,7,16,2,2,10,10.9761428571429,8.18550451364222,0.74575418889664,2,24.333,12.1665
"3405","evm.model.Chr02.797","dispensable",2,2,1.5,2,0,0,3,1.5,1.11803398874989,0.74535599249993,0,3,NA
"274","evm.model.Chr07.3712","core",26.333,17.5,85.5,28.5,27,15,27,32.4047142857143,23.9955493561777,0.74049563111736,15,85.5,5.7
"684","evm.model.Chr03.934","core",23.667,20.5,80,28.5,22,12,27,30.5238571428571,22.4636220916439,0.735936549123201,12,80,6.66666666666667
"2074","Mara042605.t01","dispensable",2,1.5,1,2.5,7,2,3,2.71428571428571,1.99702159179495,0.735744796977087,1,7,7
"8938","Mara000759.t01","dispensable",4,2.5,6.5,3,1,0,3,2.85714285714286,2.09591439301732,0.73357003755606,0,6.5,NA
"1619","Mara029813.t01","dispensable",3.333,0,2,4,1,1,2,1.90471428571429,1.39721946668919,0.733558558975802,0,4,NA
"2097","Mara043268.t01","core",75.667,46.5,20.5,24,19,10,21,30.9524285714286,22.6554814843056,0.731945198808029,10,75.667,7.5667
"5516","Mca022264.t01","dispensable",3,2,0,3,2,0,2,1.71428571428571,1.25356634105602,0.731247032282677,0,3,NA
"6104","LOC_00046484-mRNA-1","dispensable",1,0.5,0.5,2.5,1,1,3,1.35714285714286,0.988023520059354,0.72801733057005,0.5,3,6
"2114","Mara043950.t01","core",6.667,2.5,2.5,3,1,1,2,2.66671428571429,1.92220938109299,0.720815646201904,1,6.667,6.667
"5691","Mara034282.t01","dispensable",2.667,2,1,4,1,0,2,1.80957142857143,1.30326818129691,0.720208199974608,0,4,NA
"1982","Mca033529.t01","core",76.333,40,11.5,29,16,17,27,30.9761428571429,22.2010769440627,0.716715345950287,11.5,76.333,6.63765217391304
"496","Mru009774.t01","dispensable",10.667,6.5,2,8,3,0,6,5.16671428571429,3.70068312226656,0.716254648045619,0,10.667,NA
"97","Mara000742.t01","core",31,23,88.5,24.5,26,17,29,34.1428571428571,24.3870086414097,0.714263851422041,17,88.5,5.20588235294118
"893","Mara038285.t01","core",28,21,89.5,31.5,26,16,31,34.7142857142857,24.7821460310596,0.713888980318589,16,89.5,5.59375
"1100","Mara038490.t01","core",26.333,25,84.5,32,18,14,32,33.119,23.6241393564577,0.713310768938002,14,84.5,6.03571428571429
"2054","Mara038533.t01","dispensable",10,2.5,0,3.5,5,5,4,4.28571428571429,3.05310146759464,0.71239034243875,0,10,NA
"2934","Mca026729.t01","dispensable",11.333,6.5,0.5,7.5,4,2,4,5.119,3.6459512247606,0.712238957757492,0.5,11.333,22.666
"3118","zm4.14G0055090.t1","core",64.667,51,12,26,15,15,20,29.0952857142857,20.5226352004665,0.705359466203488,12,64.667,5.38891666666667
"8036","Mara040144.t01","dispensable",3,0.5,0.5,1,1,1,2,1.28571428571429,0.906326967174966,0.704920974469418,0.5,3,6
"3125","Mca046660.t01","soft_core",8.667,6,2,7.5,2,1,3,4.30957142857143,3.03754417565368,0.704836716596804,1,8.667,8.667
"1760","Mca001926.t01","core",62.333,51.5,21,22,13,14,15,28.4047142857143,20.0202328217755,0.704820778001781,13,62.333,4.79484615384615
"1187","Mara037979.t01","core",28,16.5,81,33.5,20,17,28,32,22.5259110063648,0.7039347189489,16.5,81,4.90909090909091
"1432","Mara039314.t01","core",67.333,53,11.5,22.5,16,11,41,31.7618571428571,22.2767588338801,0.701368271184039,11,67.333,6.12118181818182
"2167","Mara043528.t01","core",24.667,14.5,5,9,6,4,9,10.3095714285714,7.23072204456196,0.70136009965682,4,24.667,6.16675
"1324","Mara035758.t01","core",25.333,26,77.5,27,17,19,20,30.2618571428571,21.1839204148537,0.700020501545917,17,77.5,4.55882352941176
"1667","Mpoly008193.t01","core",66.333,53.5,12.5,29.5,14,11,29,30.8332857142857,21.5714948231401,0.699617128807833,11,66.333,6.03027272727273
"5016","Mara045563.t01","soft_core",4,1.5,1.5,1,1,1,1,1.57142857142857,1.09653132758757,0.69779266301027,1,4,4
"913","Mara025513.t01","core",35,24,73,26.5,16,12,20,29.5,20.5770908212669,0.697528502415827,12,73,6.08333333333333
"3539","Mpoly012616.t01","dispensable",2,3,1,1.5,1,0,1,1.35714285714286,0.944911182523068,0.696250345016997,0,3,NA
"3592","Mpoly019349.t01","dispensable",3,2.5,2.5,1,1,0,4,2,1.38443731048635,0.692218655243173,0,4,NA
"1400","evm.model.Chr04.322.1.6a735177","core",27.333,24.5,87,27.5,30,15,29,34.3332857142857,23.7598096703536,0.692034251195114,15,87,5.8
"106","Mara001663.t01","dispensable",4.333,2,0.5,2,5,2,1,2.40471428571429,1.66063910531314,0.690576471050437,0.5,5,10
"2187","evm.model.Chr08.2330","dispensable",1.667,1,0,1,3,2,1,1.381,0.95120642694773,0.688780902931014,0,3,NA
"4751","Mru055276.t01","soft_core",4.333,3.5,2.5,1,1,1,1,2.04757142857143,1.40990825436065,0.688575858544933,1,4.333,4.333
"382","Mara005923.t01","soft_core",19.667,8,2.5,10.5,18,1,14,10.5238571428571,7.22299458739406,0.686344796337008,1,19.667,19.667
"18","Mara025157.t01","core",33.333,19.5,71,34,17,10,22,29.5475714285714,20.2069544452493,0.683878690135255,10,71,7.1
"1226","Mara033206.t01","soft_core",46,57.5,15.5,28.5,19,1,27,27.7857142857143,18.9799392843627,0.683082647766268,1,57.5,57.5
"1630","Mara036600.t01","core",29.667,18.5,82.5,40.5,21,18,25,33.5952857142857,22.9433299436843,0.682933020388874,18,82.5,4.58333333333333
"464","Mpoly008037.t01","dispensable",25.333,11,6.5,18,8,1,23,13.2618571428571,9.05421545337808,0.682726058337516,1,25.333,25.333
"1219","Mara041547.t01","core",25,21.5,84,27,29,19,27,33.2142857142857,22.6602757096664,0.682244860075976,19,84,4.42105263157895
"1318","Mara043428.t01","core",60.333,55,16.5,27,15,7,29,29.9761428571429,20.377016893456,0.679774479010412,7,60.333,8.619
"1220","Mca046153.t01","core",31,27,85.5,30.5,17,18,32,34.4285714285714,23.3459999632852,0.678099583995837,17,85.5,5.02941176470588
"3169","Mara045011.t01","core",10,6,3.5,5,2,2,2,4.35714285714286,2.95401260596337,0.677970106286674,2,10,5
"683","Mpoly008681.t01","dispensable",7.667,4,1.5,5.5,5,0,3,3.80957142857143,2.57206297597492,0.675158091717269,0,7.667,NA
"1419","LOC_00011100-mRNA-1","dispensable",6,1,3.5,4.5,3,0,3,3,2.02072594216369,0.673575314054563,0,6,NA
"1278","Mara025542.t01","core",31,28,80,20,22,13,36,32.8571428571429,22.1241088063721,0.673342441933063,13,80,6.15384615384615
"1567","Mca034307.t01","core",58.333,47.5,23,27,14,7,17,27.6904285714286,18.6354055841485,0.67299086888734,7,58.333,8.33328571428571
"362","Mara005663.t01","core",30.333,20,78,27,25,9,42,33.0475714285714,22.2039675422895,0.671878948511569,9,78,8.66666666666667
"4648","Mara004362.t01","dispensable",2.667,2,3.5,5,1,0,4,2.59528571428571,1.74233241320227,0.671345125360042,0,5,NA
"3621","Mca026151.t04","dispensable",3.667,2,1.5,1.5,1,0,2,1.66671428571429,1.11813337223036,0.670860855885191,0,3.667,NA
"1469","Mara042019.t01","soft_core",64.667,38.5,35,19.5,12,17,13,28.5238571428571,19.0440187673065,0.667652297931785,12,64.667,5.38891666666667
"3205","LOC_00051740-mRNA-1","dispensable",1.667,0.5,0.5,1.5,1,3,1,1.30957142857143,0.868336312946172,0.663069072828974,0.5,3,6
"3946","evm.model.Chr08.3061","dispensable",3,1.5,1.5,1.5,0,1,1,1.35714285714286,0.899735410842437,0.662962934304954,0,3,NA
"4560","Mca052101.t01","core",11.667,8.5,6,10,4,1,2,6.16671428571429,4.06551213314656,0.659267146941551,1,11.667,11.667
"1138","LOC_00050897-mRNA-1","core",70.333,45,17.5,30,17,12,26,31.119,20.4460092357082,0.657026550843801,12,70.333,5.86108333333333
"1597","Mpoly024647.t01","core",26.333,24,82.5,27,26,18,31,33.5475714285714,21.9377910150281,0.653930823628692,18,82.5,4.58333333333333
"4443","Mara038754.t01","soft_core",5.667,2.5,3,2,2,1,1,2.45242857142857,1.59499465590984,0.650373541758542,1,5.667,5.667
"1849","Mara035859.t01","dispensable",2,2,0.5,3.5,1,1,1,1.57142857142857,1.01770048919821,0.647627584035228,0.5,3.5,7
"2724","evm.model.Chr04.2430","dispensable",4.333,3,3.5,5.5,0,3,1,2.90471428571429,1.88030730771025,0.647329521171089,0,5.5,NA
"2135","Mara044586.t01","core",67.333,37.5,28,22.5,15,10,26,29.4761428571429,18.9267531326125,0.642104132292399,10,67.333,6.7333
"3281","LOC_00018249-mRNA-4","dispensable",2,1.5,5,2.5,2,1,1,2.14285714285714,1.37581144887559,0.642045342808607,1,5,5
"1861","Mara036375.t01","soft_core",2.333,0.5,3,1,1,1,1,1.40471428571429,0.901880759724868,0.642038576027059,0.5,3,6
"6107","Mca047103.t01","dispensable",3,1.5,0,1,2,2,1,1.5,0.957427107756338,0.638284738504225,0,3,NA
"1580","LOC_00047502-mRNA-1","soft_core",70.667,43,11.5,34,20,15,29,31.881,20.3399760815985,0.637996803161711,11.5,70.667,6.14495652173913
"3893","Mca043476.t01","dispensable",1.333,1,0.5,1,1,1,3,1.26185714285714,0.804249635492909,0.637353950917056,0.5,3,6
"2028","LOC_00044628-mRNA-1","core",42,23,76.5,23.5,17,17,33,33.1428571428571,21.1161752489142,0.637125977337929,17,76.5,4.5
"3184","evm.model.Chr08.1672.3.6a73532a","soft_core",10.333,6.5,2.5,6,3,2,3,4.76185714285714,3.01507061435115,0.633171160725348,2,10.333,5.1665
"1885","Mara036917.t01","core",31.667,19,83,30.5,26,18,38,35.1667142857143,22.2492109726337,0.632678128296789,18,83,4.61111111111111
"367","LOC_00023112-mRNA-1","core",38.333,22.5,80.5,26,27,17,27,34.0475714285714,21.464152470706,0.630416548673251,17,80.5,4.73529411764706
"638","Mpoly034082.t01","core",27,22.5,79,30.5,28,17,27,33,20.758532382292,0.629046435827031,17,79,4.64705882352941
"964","Mara029079.t01","core",24.667,18,71,24,25,17,29,29.8095714285714,18.6377173482264,0.62522594103325,17,71,4.17647058823529
"1175","Mara020212.t01","dispensable",10.333,6,1,6,4,2,5,4.90471428571429,3.06532579640325,0.624975404853138,1,10.333,10.333
"7445","Msa091644.t01","dispensable",3.667,1.5,0.5,2,1,1,2,1.66671428571429,1.04093975398607,0.624546008219976,0.5,3.667,7.334
"4170","Mru001655.t02","soft_core",6,3,6.5,2,2,1,3,3.35714285714286,2.09591439301732,0.624314925579626,1,6.5,6.5
"56","Mara001726.t01","core",31.333,39,76,30,34,3,29,34.619,21.5848355796379,0.623496795968626,3,76,25.3333333333333
"310","Mara004912.t01","core",26.667,21.5,74.5,31,30,9,37,32.8095714285714,20.4097731806533,0.622067655625636,9,74.5,8.27777777777778
"57","Mpoly002305.t01","soft_core",41.333,41.5,23,22.5,64,4,22,31.1904285714286,19.37359477792,0.621139101489192,4,64,16
"1334","Mara023475.t01","core",28.667,19.5,74,33,24,14,30,31.881,19.6818857582296,0.617354717801498,14,74,5.28571428571429
"585","Mara011641.t01","core",30,20.5,61,30.5,31,10,74,36.7142857142857,22.6308365268446,0.616404107735066,10,74,7.4
"196","Mara014614.t01","core",27.667,24.5,35.5,38.5,73,3,37,34.1667142857143,20.9907214955742,0.614361724104996,3,73,24.3333333333333
"272","Mara003984.t01","core",42.333,32,27.5,24.5,80,15,24,35.0475714285714,21.5068091842029,0.61364620450335,15,80,5.33333333333333
"699","Mca031141.t01","core",31.333,21.5,73.5,31,24,11,33,32.1904285714286,19.7471139145036,0.613446753922085,11,73.5,6.68181818181818
"1430","Mara043477.t01","core",35,26.5,78.5,29,25,15,27,33.7142857142857,20.6273627795241,0.611828557019782,15,78.5,5.23333333333333
"1510","Mara045426.t01","core",27,39.5,76.5,25.5,22,14,30,33.5,20.4776300712102,0.611272539439111,14,76.5,5.46428571428571
"3206","evm.model.Chr08.2658","soft_core",4,2,0.5,4,2,1,2,2.21428571428571,1.34960311626366,0.609498181538425,0.5,4,8
"3228","Msa152499.t01","soft_core",3.333,1,1,1,1,2,1,1.47614285714286,0.899620740195821,0.609440160783001,1,3.333,3.333
"665","evm.model.Chr02.3163","soft_core",41.667,26.5,20,36,71,6,32,33.3095714285714,20.2842140909061,0.608960524586853,6,71,11.8333333333333
"12916","Mara028314.t01","dispensable",5,2,2,3.5,1,1,2,2.35714285714286,1.43510411103997,0.608832047107864,1,5,5
"429","Mara038380.t01","dispensable",8,4,1.5,6,4,2,2,3.92857142857143,2.38796586080726,0.607845855478211,1.5,8,5.33333333333333
"3086","Mara043619.t01","core",2.667,4,2.5,4.5,2,9,3,3.95242857142857,2.3895971666889,0.604589589287682,2,9,4.5
"4214","Mara005078.t01","dispensable",4,3,1,2,3,0,3,2.28571428571429,1.38013111868471,0.60380736442456,0,4,NA
"1048","Mara018804.t01","core",32,27,71.5,25,24,12,28,31.3571428571429,18.7588074552424,0.5982307616706,12,71.5,5.95833333333333
"111","Mara008792.t01","soft_core",52,50,49.5,25.5,42,1,15,33.5714285714286,20.0217144025942,0.596391492843231,1,52,52
"1125","Mara019377.t01","core",61,50.5,21.5,25.5,23,10,22,30.5,18.1888244076777,0.596354898612385,10,61,6.1
"281","Mara014653.t01","dispensable",6.667,3.5,1.5,3.5,4,1,7,3.881,2.30086078095424,0.592852558864786,1,7,7
"1353","Mara023993.t01","core",60.333,40.5,42,20,14,11,24,30.2618571428571,17.9204766717534,0.592180334047451,11,60.333,5.48481818181818
"5888","Mara035357.t01","dispensable",3.667,1.5,0.5,3.5,1,2,2,2.02385714285714,1.19198048481948,0.588964734505283,0.5,3.667,7.334
"2105","Mara043689.t01","soft_core",1,1,1,1,3,1,1,1.28571428571429,0.755928946018454,0.587944735792131,1,3,3
"3247","evm.model.Chr08.3806","soft_core",3,1.5,0.5,2,1,1,1,1.42857142857143,0.838081709847526,0.586657196893268,0.5,3,6
"462","Mara040377.t01","core",64,40,21.5,25,23,11,23,29.6428571428571,17.3750642342081,0.586146745250393,11,64,5.81818181818182
"4746","Mara045462.t01","soft_core",3.333,3,1,2,1,1,1,1.76185714285714,1.03117286435906,0.585276092638729,1,3.333,3.333
"1971","Mara044741.t01","soft_core",14.333,5.5,1.5,8,7,6,5,6.76185714285714,3.91313823031129,0.578707616508125,1.5,14.333,9.55533333333333
"613","Mara008514.t01","soft_core",31.667,29.5,65.5,27.5,32,2,38,32.3095714285714,18.6377307618814,0.57684859123201,2,65.5,32.75
"2939","evm.model.Chr08.3326","soft_core",9.333,6,2.5,8,4,2,3,4.97614285714286,2.85834756625639,0.574410270829234,2,9.333,4.6665
"478","Mru009975.t01","core",41.333,35.5,61.5,27,35,1,24,32.1904285714286,18.3863674485305,0.571174981648109,1,61.5,61.5
"1343","Mara005514.t01","dispensable",2.667,2.5,3.5,4.5,2,0,2,2.45242857142857,1.40012188244963,0.570912400369743,0,4.5,NA
"1368","LOC_00028713-mRNA-1","soft_core",35,32.5,70.5,30.5,32,5,30,33.6428571428571,19.1827055045995,0.570186575508264,5,70.5,14.1
"1604","Mara029505.t01","soft_core",18.333,10.5,6,12.5,6,3,7,9.04757142857143,5.15734181716198,0.570024990449431,3,18.333,6.111
"1180","Mara020281.t01","core",31.333,23,71,37,26,10,34,33.1904285714286,18.8923487498435,0.569210750297653,10,71,7.1
"604","Mara004014.t01","core",51,36.5,25.5,23.5,57,1,52,35.2142857142857,20.0392472057068,0.569065843569768,1,57,57
"2435","Mara002692.t01","core",54,47.5,20.5,31,53,11,13,32.8571428571429,18.6875945609966,0.568752877943375,11,54,4.90909090909091
"957","Mara019002.t02","core",27,20.5,73.5,28,60,20,30,37,21.0257778294486,0.568264265660774,20,73.5,3.675
"1213","Mara026102.t01","core",32.333,18,66,36.5,25,10,32,31.4047142857143,17.8086137090481,0.567068165213305,10,66,6.6
"64","Mara001891.t01","soft_core",39.333,30,46,29.5,68,1,35,35.5475714285714,20.1574057842864,0.567054371767428,1,68,68
"1003","evm.model.Chr03.375.1.6a73513a","core",59.667,52,38,24,17,11,24,32.2381428571429,18.2348837161869,0.565630712568998,11,59.667,5.42427272727273
"4607","Mara038086.t01","soft_core",3.333,1.5,2,1,1,1,1,1.54757142857143,0.87502835328212,0.565420333515632,1,3.333,3.333
"1451","LOC_00001632-mRNA-1","core",64.333,42.5,11,36,20,17,36,32.4047142857143,18.241556646974,0.562929099949382,11,64.333,5.84845454545454
"605","Mara008538.t01","core",44.333,38,66,21,53,4,30,36.619,20.594322688547,0.562394458847783,4,66,16.5
"2007","LOC_00006199-mRNA-1","core",27.667,20.5,68,27,29,13,34,31.3095714285714,17.5246875755047,0.559723010437395,13,68,5.23076923076923
"3037","Mpoly001659.t01","dispensable",4.667,3,0.5,1,4,4,5,3.16671428571429,1.77173800868768,0.559487799919418,0.5,5,10
"374","Mara005802.t01","dispensable",3,2,1.5,3.5,2,0,2,2,1.11803398874989,0.559016994374947,0,3.5,NA
"1669","Mara024494.t01","soft_core",59,29,12.5,36,19,48,16,31.3571428571429,17.3798597177746,0.554255207400556,12.5,59,4.72
"507","Mara008715.t01","core",52.667,33,52,25,50,4,20,33.8095714285714,18.7358971305277,0.554159557157075,4,52.667,13.16675
"349","Msa049976.t01","core",27.667,18.5,71,32.5,27,22,26,32.0952857142857,17.7163358393159,0.551991840702957,18.5,71,3.83783783783784
"1388","zm4.54G0032450.t1","core",57.333,37.5,35.5,28,15,7,27,29.619,16.3277716483297,0.55126005767682,7,57.333,8.19042857142857
"335","Mara043471.t01","core",33.667,24,76,32.5,25,19,32,34.5952857142857,19.0345314863477,0.550205933939942,19,76,4
"2763","evm.model.Chr04.3649.1.6a7355bb","dispensable",2.333,2,1.5,3.5,2,0,3,2.04757142857143,1.12509612287763,0.549478326947844,0,3.5,NA
"5311","LOC_00043896-mRNA-1","dispensable",3,1.5,0.5,2.5,1,1,2,1.64285714285714,0.899735410842437,0.547665032686701,0.5,3,6
"1854","Mca027613.t01","core",32.333,22.5,67,32,20,13,42,32.6904285714286,17.8746750446653,0.546786194791211,13,67,5.15384615384615
"522","Mca049479.t01","core",24.667,22.5,68.5,28.5,25,18,31,31.1667142857143,16.9787236143188,0.544771048326429,18,68.5,3.80555555555556
"93","Mara000585.t01","core",40,38,32.5,28,65,5,25,33.3571428571429,18.121612984027,0.543260346416228,5,65,13
"1369","Mara025032.t01","soft_core",62.667,36,15,36.5,39,8,32,32.7381428571429,17.7336821935789,0.541682595465544,8,62.667,7.833375
"176","Mara037384.t01","core",31.333,24,67,29.5,23,13,32,31.4047142857143,17.0059515730453,0.541509514091684,13,67,5.15384615384615
"166","Mara002265.t01","soft_core",36.667,36,17.5,28.5,74,26,23,34.5238571428571,18.6935456992387,0.541467473402122,17.5,74,4.22857142857143
"4306","Mca009880.t01","core",7.333,4.5,2.5,6,2,2,3,3.90471428571429,2.10338352139957,0.538677958870119,2,7.333,3.6665
"2520","evm.model.Chr03.550","core",5,3.5,3,1,1,3,5,3.07142857142857,1.64389201360094,0.535220655591004,1,5,5
"190","Mara005654.t01","soft_core",50.333,46,22,33.5,49,2,27,32.8332857142857,17.528492678249,0.533863495441224,2,50.333,25.1665
"4658","LOC_00047812-mRNA-1","dispensable",2.333,0.5,2,2.5,1,1,3,1.76185714285714,0.932193189664644,0.5290969210778,0.5,3,6
"951","Mara015619.t01","core",40.667,30.5,21,31.5,50,1,30,29.2381428571429,15.4608209401331,0.528789431520135,1,50,50
"904","Mara038212.t01","core",42,25,16,48,29,16,65,34.4285714285714,18.1370444381763,0.526802120610929,16,65,4.0625
"188","Mara002610.t01","soft_core",36.333,38.5,27.5,30.5,70,10,29,34.5475714285714,18.1433828512137,0.525171006266703,10,70,7
"3485","Mara035396.t01","dispensable",2.333,2.5,1,1,1,1,3,1.69042857142857,0.884123644660417,0.523017452262564,1,3,3
"2938","evm.model.Chr07.2635","dispensable",9,4,2,4.5,2,6,5,4.64285714285714,2.42752078113806,0.522850629783582,2,9,4.5
"395","Mara005645.t01","core",38.667,39.5,23.5,32.5,53,1,29,31.0238571428571,16.2148538119484,0.522657570826317,1,53,53
"340","Mara040662.t01","core",28.667,19.5,70.5,37.5,42,15,32,35.0238571428571,18.2795555419032,0.521917259636584,15,70.5,4.7
"1182","Mara025427.t01","core",36,28,58.5,30,19,7,40,31.2142857142857,16.2886902042929,0.521834468787417,7,58.5,8.35714285714286
"2250","Mru048351.t01","dispensable",7,3,2.5,6,2,5,2,3.92857142857143,2.04997096378972,0.521810790782838,2,7,3.5
"590","Mara013372.t01","core",44.667,41,45,20.5,47,2,26,32.3095714285714,16.8475124163494,0.521440293740669,2,47,23.5
"277","Mara013463.t01","soft_core",46.333,36,24,37.5,59,2,36,34.4047142857143,17.8895049932848,0.519972491116224,2,59,29.5
"2129","Mara044252.t01","soft_core",5.333,1.5,1.5,3.5,2,2,4,2.83328571428571,1.47186579033617,0.519490774585446,1.5,5.333,3.55533333333333
"2042","Msa044150.t01","dispensable",3.333,3,0,4.5,6,5,4,3.69042857142857,1.91590047211425,0.519153923462229,0,6,NA
"820","Mara012977.t01","soft_core",38,28.5,28,36.5,81,19,40,38.7142857142857,20.0121986607693,0.516920260610276,19,81,4.26315789473684
"351","Mara001088.t01","soft_core",36,29,30.5,33.5,55,1,30,30.7142857142857,15.874132897204,0.516832233862457,1,55,55
"2126","Mara044193.t01","soft_core",5,2.5,1.5,2.5,2,3,1,2.5,1.29099444873581,0.516397779494322,1,5,5
"513","Mara015586.t01","soft_core",44.333,34.5,19.5,38.5,43,0,42,31.6904285714286,16.3359626168478,0.515485695626595,0,44.333,NA
"564","Mara008655.t01","soft_core",41,34,25,33,58,2,42,33.5714285714286,17.2902394706488,0.515028409764006,2,58,29
"1944","Mara026705.t01","core",55.667,34.5,19,29,21,12,23,27.7381428571429,14.2550161046158,0.513913861430165,12,55.667,4.63891666666667
"4719","Mru002711.t01","core",3.333,3,4.5,2.5,1,2,1,2.47614285714286,1.27082026378916,0.513225745486881,1,4.5,4.5
"1302","Mara021951.t01","dispensable",3.333,2.5,2.5,3.5,2,0,2,2.26185714285714,1.15808065760715,0.512004332928065,0,3.5,NA
"230","LOC_00023914-mRNA-1","core",38.667,35.5,30,36,63,2,43,35.4524285714286,18.1441636516828,0.511789019336897,2,63,31.5
"591","Mpoly014583.t01","core",36.333,27,57.5,25.5,18,11,46,31.619,16.1671413779101,0.511310964227525,11,57.5,5.22727272727273
"4758","Mru055423.t01","soft_core",3,2,1.5,1,1,1,1,1.5,0.763762615825973,0.509175077217316,1,3,3
"877","Mara023462.t01","core",34,24,67,27.5,31,12,40,33.6428571428571,17.1238485883341,0.508989130014176,12,67,5.58333333333333
"702","Mara010963.t01","soft_core",37.667,33.5,19,36.5,50,2,35,30.5238571428571,15.499257535213,0.507775195732102,2,50,25
"110","Mara002216.t01","soft_core",48.333,32.5,37,43.5,52,1,25,34.1904285714286,17.3237844581483,0.506685209340284,1,52,52
"1557","Mca031622.t01","core",34.667,21,58,33.5,22,12,24,29.3095714285714,14.8306779330003,0.506001186989145,12,58,4.83333333333333
"525","LOC_00016516-mRNA-1","soft_core",44,37.5,25.5,33.5,50,0,34,32.0714285714286,16.1797933944076,0.504492444369055,0,50,NA
"1925","Msa127904.t01","dispensable",4,0.5,2,4,3,2,2,2.5,1.25830573921179,0.503322295684717,0.5,4,8
"4692","Mara043184.t01","soft_core",3,2,1,1,2,1,1,1.57142857142857,0.786795792469443,0.500688231571464,1,3,3
"923","Mara017087.t01","soft_core",45.667,30.5,22,43,39,1,33,30.5952857142857,15.3146135734716,0.500554684028359,1,45.667,45.667
