"cluster_id","cluster_name","cluster_type","gene_count","n_accessions_present","mean_genes","sd_genes","min_genes","max_genes","range_genes","cv","dominant_contig","start_pos","end_pos"
"3289","Mpoly000002.t01","dispensable",500,10,49.9,145.037,1,485,484,2.907,"M_polymorpha_Chr08",3699,43560578
"3110","Mara031328.t01","soft_core",500,11,44.818,128.16,1,450,449,2.86,"M_polymorpha_Chr01",19394,53637304
"86","Mara002214.t01","core",500,12,40.833,112.027,2,412,410,2.744,"M_arabica_Chr06",338237,64421673
"1795","Mru035954.t01","soft_core",500,11,42.818,93.522,5,338,333,2.184,"M_polymorpha_Chr01",39517,28220157
"3996","Mpoly022646.t01","dispensable",291,7,41.429,85.82,1,251,250,2.072,"M_truncatula_HM078_Chr04",26859,38032
"5492","LOC_00035132-mRNA-1","dispensable",91,10,8.9,18.42,1,64,63,2.07,"M_truncatula_A17_Chr08",1809136,58750431
"6429","Mca010950.t02","dispensable",54,8,6.625,12.288,1,39,38,1.855,"M_sativa_ZM4_hap4_Chr02",280819,66714239
"2000","Mru015742.t01","core",84,12,6.667,11.462,1,36,35,1.719,"M_truncatula_A17_Chr04",2348788,54423141
"108","Mara001689.t01","dispensable",222,4,55,93.531,1,217,216,1.701,"M_arabica_Chr06",142963,59908450
"159","Mara001717.t01","dispensable",500,6,83.333,141.508,3,398,395,1.698,"M_polymorpha_Chr01",659170,33423875
"1785","Mpoly002023.t01","core",500,12,38,63.602,1,245,244,1.674,"M_polymorpha_Chr05",2556,57551643
"6384","Mca003158.t01","dispensable",21,7,3,4.899,1,15,14,1.633,"M_polymorpha_Chr01",28289836,28291134
"4663","Mara035497.t01","dispensable",35,10,3.1,4.657,1,17,16,1.502,"M_ruthenica_zhiwusuo_Chr08",3103114,80960443
"1233","evm.model.Chr08.4498.2.6a735662","soft_core",414,11,36.091,53.099,4,188,184,1.471,"M_truncatula_HM078_Chr03",470221,38041412
"1620","Mara012223.t01","core",500,12,35.417,51.138,3,203,200,1.444,"M_ruthenica_zhiwusuo_Chr06",255370,87927756
"5318","Mtrun001704.t01","dispensable",26,7,3.571,5.095,1,16,15,1.427,"M_truncatula_HM078_Chr02",3451089,3452442
"289","Msa003844.t01","dispensable",44,10,4.1,5.77,1,21,20,1.407,"M_sativa_ZM1_Chr02",5331164,5331565
"11559","Mtrun003296.t01","dispensable",89,4,22.25,30.703,1,75,74,1.38,"M_truncatula_HM078_Chr03",1638529,45477816
"4581","zm4.74G0011750.t1","soft_core",448,11,38.182,52.202,1,174,173,1.367,"M_sativa_ZM4_hap4_Chr02",492134,53105164
"4601","Mca017247.t01","soft_core",55,11,4.455,6.021,1,23,22,1.352,"M_sativa_ZM4_hap4_Chr06",3881354,90796624
"25","Mara002510.t01","dispensable",58,6,8.5,11.485,1,33,32,1.351,"M_arabica_Chr01",2642460,39659913
"963","Mca004574.t03","soft_core",500,11,39.364,52.922,1,172,171,1.344,"M_lupulina_T2T_Chr08",711387,715875
"1928","Mara038094.t01","dispensable",95,9,4.667,6.182,1,22,21,1.325,"M_arabica_Chr08",8606028,8607948
"535","Mca002854.t01","soft_core",500,11,42.545,56.287,2,187,185,1.323,"M_sativa_XJDY_hap1_Chr06",224677,73804520
"2429","Mara019755.t01","dispensable",145,3,34.667,44.783,3,98,95,1.292,"M_sativa_ZM4_hap4_Chr06",22503715,25769083
"14527","Mtrun007729.t01","dispensable",32,3,10.667,13.671,1,30,29,1.282,"M_sativa_ssp_caerulea_long_Chr07",4499116,4499706
"162","Mara000738.t01","dispensable",31,3,10.333,13.199,1,29,28,1.277,"M_arabica_Chr01",6938421,65483881
"6136","zm4.34G0023800.t1","dispensable",173,7,24.143,30.824,1,90,89,1.277,"M_truncatula_A17_Chr08",145362,59022361
"8152","Mca030833.t02","dispensable",18,5,3.4,4.317,1,12,11,1.27,"M_sativa_ZM1_Chr02",7269635,7270414
"2751","Mca009379.t02","core",500,12,37.417,46.293,1,156,155,1.237,"M_sativa_ZM1_Chr01",159984,91868079
"1788","Msa032705.t03","core",500,12,38.583,46.965,3,140,137,1.217,"M_sativa_ZM1_Chr04",34995,87028996
"3257","Mca049624.t01","dispensable",37,10,3.4,4.005,1,14,13,1.178,"M_sativa_ZM1_Chr07",6691041,7015994
"2439","Msa149972.t01","core",500,12,38.833,45.634,1,139,138,1.175,"M_sativa_ZM4_hap4_Chr02",183719,77008881
"9803","zm4.34G0060090.t1","dispensable",19,5,3.6,4.224,1,12,11,1.173,"M_sativa_ZM1_Chr08",541964,550081
"3448","Msa127622.t01","dispensable",13,5,2.4,2.8,1,8,7,1.167,"M_polymorpha_Chr01",8438725,39763520
"7609","Msa093381.t01","dispensable",75,8,9.375,10.851,1,36,35,1.157,"M_sativa_ssp_caerulea_long_Chr08",2264557,2265373
"5848","evm.model.Chr05.2309","dispensable",78,10,7.5,8.64,1,31,30,1.152,"M_sativa_ZM1_Chr07",701932,16381878
"2504","evm.model.Chr03.136","dispensable",29,10,2.3,2.648,1,10,9,1.151,"M_truncatula_A17_Chr04",2614473,43299022
"1171","Mara035769.t01","core",500,12,38.333,44.09,2,170,168,1.15,"M_sativa_XJDY_hap1_Chr05",1737,75281033
"9618","Msa038108.t01","dispensable",16,3,5.333,6.128,1,14,13,1.149,"M_truncatula_A17_Chr07",48397407,48399200
"3267","evm.model.Chr08.4333.10.6a73563f","soft_core",49,11,3,3.438,1,13,12,1.146,"M_sativa_XJDY_hap1_Chr07",3462098,3462760
"2637","Mca023791.t01","soft_core",500,11,41.273,46.533,2,142,140,1.127,"M_sativa_XJDY_hap1_Chr08",379707,74582011
"5639","LOC_00008252-mRNA-1","dispensable",16,10,1.6,1.8,1,7,6,1.125,"M_lupulina_T2T_Chr06",4670929,4672203
"390","Mara006237.t01","core",500,12,35.417,39.257,7,139,132,1.108,"M_ruthenica_landa_Chr02",340427,96891761
"5350","Msa015288.t01","dispensable",11,4,2.75,3.031,1,8,7,1.102,"M_polymorpha_Chr03",2975042,2976491
"3104","Mca029938.t01","core",500,12,38.417,42.223,3,141,138,1.099,"M_ruthenica_landa_Chr03",672838,675189
"4492","Mca006787.t01","soft_core",500,11,42.273,46.435,3,123,120,1.098,"M_sativa_ssp_caerulea_long_Chr03",377371,107389445
"10325","Msa025405.t01","dispensable",47,8,5.875,6.451,1,19,18,1.098,"M_sativa_ZM4_hap4_Chr06",1294001,82575307
"4375","zm4.44G0042290.t1","soft_core",108,11,9.364,10.272,1,37,36,1.097,"M_sativa_XJDY_hap1_Chr06",6614679,50073421
"6910","Mpoly012529.t01","dispensable",18,7,2.571,2.821,1,9,8,1.097,"M_sativa_ssp_caerulea_long_Chr08",2858307,2858843
"2177","Mca002620.t01","core",500,12,38.25,41.634,3,129,126,1.088,"M_sativa_ZM1_Chr03",201338,66551746
"775","Mca003970.t01","core",500,12,35.333,38.326,6,113,107,1.085,"M_sativa_ssp_caerulea_long_Chr07",415454,90065804
"1426","Mru025028.t01","core",500,12,35.5,38.45,2,120,118,1.083,"M_sativa_ZM1_Chr04",383939,91142452
"1186","Mara041960.t01","core",500,12,37.583,40.387,5,164,159,1.075,"M_truncatula_A17_Chr01",145661,37459907
"10252","Msa035619.t01","dispensable",45,6,7.333,7.867,1,24,23,1.073,"M_sativa_ZM4_hap4_Chr01",2973817,50475075
"5805","LOC_00019289-mRNA-2","dispensable",37,6,6,6.429,1,16,15,1.072,"M_truncatula_A17_Chr08",104662,1978942
"2897","Mca013361.t01","core",500,12,34,36.401,2,105,103,1.071,"M_sativa_ssp_caerulea_long_Chr01",630730,70522291
"10104","Mtrun033408.t01","dispensable",28,8,3.5,3.742,1,12,11,1.069,"M_sativa_ZM4_hap4_Chr06",9837157,9838446
"375","Mca002304.t01","core",500,12,37.417,39.884,1,112,111,1.066,"M_sativa_XJDY_hap1_Chr07",193392,87952438
"794","Mca046730.t01","core",500,12,38.25,40.721,3,139,136,1.065,"M_ruthenica_zhiwusuo_Chr07",251923,56459043
"1570","Mara033242.t01","core",500,12,35.667,37.983,2,152,150,1.065,"M_ruthenica_zhiwusuo_Chr07",123257,96911668
"5089","zm4.34G0000410.t1","soft_core",56,11,4.636,4.923,1,17,16,1.062,"M_sativa_ZM4_hap4_Chr02",117530,29547717
"721","Mara019401.t01","core",500,12,36.417,38.569,1,135,134,1.059,"M_sativa_ssp_caerulea_long_Chr07",459390,80171716
"6122","Mca047990.t01","dispensable",19,7,2.571,2.718,1,9,8,1.057,"M_truncatula_A17_Chr08",8068466,8069026
"572","Mara002373.t01","core",500,12,35.5,37.268,2,106,104,1.05,"M_polymorpha_Chr02",187726,27367166
"9475","Msa034648.t01","dispensable",19,5,2.6,2.728,1,8,7,1.049,"M_sativa_ZM1_Chr06",16880653,16976011
"2577","Mara018659.t01","dispensable",27,3,7.667,8.014,2,19,17,1.045,"M_truncatula_A17_Chr07",461666,39952399
"14513","Mara028051.t01","dispensable",10,4,2.5,2.598,1,7,6,1.039,"M_truncatula_HM078_Chr02",9202917,13294709
"275","evm.model.Chr02.3510","dispensable",22,9,2.111,2.183,1,8,7,1.034,"M_lupulina_T2T_Chr07",8005469,8006077
"19002","Msa039177.t01","dispensable",18,5,3.6,3.72,1,11,10,1.033,"M_sativa_ZM4_hap4_Chr04",13234884,13236137
"10388","Mca046404.t01","dispensable",35,6,5.833,6.012,1,19,18,1.031,"M_sativa_ZM4_hap4_Chr02",4974371,30255519
"3102","evm.model.Chr07.3538.1.6a7354cb","dispensable",38,10,3.7,3.796,1,12,11,1.026,"M_ruthenica_zhiwusuo_Chr07",17040660,62794409
"1103","evm.model.Chr02.1521","core",500,12,36.583,37.431,2,112,110,1.023,"M_polymorpha_Chr01",1725579,1730146
"3509","Msa044641.t01","dispensable",13,7,1.714,1.75,1,6,5,1.021,"M_sativa_ZM4_hap4_Chr03",5710944,5712901
"373","Mca029086.t01","core",500,12,38.583,39.356,3,122,119,1.02,"M_truncatula_HM078_Chr07",59649,60392
"3815","zm4.54G0055160.t1","dispensable",32,9,3.444,3.5,1,13,12,1.016,"M_truncatula_A17_Chr06",1529834,1531505
"13155","Mru045711.t01","dispensable",13,6,1.833,1.863,1,6,5,1.016,"M_ruthenica_zhiwusuo_Chr05",1382011,83398736
"2864","LOC_00040469-mRNA-2","dispensable",98,10,8.6,8.732,1,28,27,1.015,"M_truncatula_HM078_Chr06",6433609,6435423
"1033","evm.model.Chr01.897","dispensable",43,4,7,7.071,1,19,18,1.01,"M_truncatula_A17_Chr02",174604,176118
"1248","LOC_00005436-mRNA-1","core",500,12,35.917,36.197,2,120,118,1.008,"M_sativa_ZM4_hap4_Chr02",265524,66512263
"119","Mara001265.t01","core",500,12,37.25,37.499,1,131,130,1.007,"M_lupulina_T2T_Chr08",358702,45752204
"10240","evm.model.Chr01.1836","dispensable",20,6,3.167,3.184,1,9,8,1.006,"M_sativa_ZM4_hap4_Chr04",1453083,1453913
"712","Mara014215.t01","dispensable",41,8,4.125,4.136,1,14,13,1.003,"M_lupulina_T2T_Chr07",14171592,64156970
"5417","Mca046809.t02","dispensable",109,10,5.7,5.711,1,15,14,1.002,"M_ruthenica_landa_Chr03",11721700,11722398
"5757","LOC_00023841-mRNA-1","dispensable",43,6,6.667,6.675,1,17,16,1.001,"M_truncatula_HM078_Chr06",1138411,31163963
"3079","evm.model.Chr08.4046.1.6a7355eb","core",54,12,4,4,1,13,12,1,"M_sativa_XJDY_hap1_Chr06",3567047,18035764
"75","Mara001210.t01","dispensable",22,5,3.4,3.382,1,10,9,0.995,"M_truncatula_HM078_Chr01",10429427,10434242
"3041","Mca008673.t01","core",500,12,37.667,37.245,2,121,119,0.989,"M_sativa_ssp_caerulea_long_Chr08",1141119,76802769
"7142","Msa067067.t01","dispensable",23,6,3.167,3.131,1,10,9,0.989,"M_polymorpha_Chr04",3496811,3522191
"3244","Mpoly034366.t01","soft_core",20,11,1.455,1.437,1,6,5,0.988,"M_polymorpha_Chr08",44894630,44901919
"1789","Mca023298.t01","dispensable",62,10,5.5,5.427,1,15,14,0.987,"M_ruthenica_zhiwusuo_Chr06",571989,23405512
"3438","Mara029136.t01","core",447,12,33.083,32.605,1,105,104,0.986,"M_arabica_Chr08",920788,8702444
"1002","LOC_00033539-mRNA-1","core",500,12,37.417,36.859,2,117,115,0.985,"M_sativa_ZM1_Chr08",456270,85059966
"2842","Mara032697.t01","dispensable",62,9,6.667,6.566,1,17,16,0.985,"M_sativa_XJDY_hap1_Chr04",333330,45159451
"554","Mpoly015064.t01","core",500,12,36.75,36.139,1,110,109,0.983,"M_sativa_ZM1_Chr04",157908,80241780
"2945","Mca012509.t01","dispensable",20,7,2.714,2.657,1,9,8,0.979,"M_truncatula_A17_Chr03",2475986,2476535
"15145","Mru008718.t01","dispensable",19,7,2.714,2.657,1,9,8,0.979,"M_ruthenica_landa_Chr02",8017618,88223996
"2656","Mru036287.t01","core",500,12,36.083,35.241,4,94,90,0.977,"M_truncatula_HM078_Chr01",483478,45667797
"5060","Mca001792.t03","dispensable",28,5,3.8,3.709,1,11,10,0.976,"M_truncatula_HM078_Chr01",14428756,15263334
"7298","Msa040063.t01","dispensable",28,5,5,4.858,1,14,13,0.972,"M_sativa_ZM1_Chr07",7220105,7220620
