cluster_id,cluster_name,cluster_type,gene_count,diploid_total,tetra_diploid_ratio
3996,Mpoly022646.t01,dispensable,291,1,291.00
6136,zm4.34G0023800.t1,dispensable,173,2,86.50
86,Mara002214.t01,core,500,9,55.56
3110,Mara031328.t01,soft_core,500,12,41.67
10388,Mca046404.t01,dispensable,35,1,35.00
1925,Msa127904.t01,dispensable,34,1,34.00
159,Mara001717.t01,dispensable,500,15,33.33
4697,Msa068184.t01,soft_core,33,1,33.00
1419,LOC_00011100-mRNA-1,dispensable,63,2,31.50
7298,Msa040063.t01,dispensable,28,1,28.00
8106,LOC_00003733-mRNA-1,dispensable,23,1,23.00
1233,evm.model.Chr08.4498.2.6a735662,soft_core,414,19,21.79
16048,Msa075966.t01,dispensable,20,1,20.00
7609,Msa093381.t01,dispensable,75,4,18.75
4581,zm4.74G0011750.t1,soft_core,448,24,18.67
1795,Mru035954.t01,soft_core,500,27,18.52
3079,evm.model.Chr08.4046.1.6a7355eb,core,54,3,18.00
390,Mara006237.t01,core,500,28,17.86
1171,Mara035769.t01,core,500,29,17.24
1984,Mara039585.t01,soft_core,67,4,16.75
2550,Msa092428.t01,core,500,30,16.67
2864,LOC_00040469-mRNA-2,dispensable,98,6,16.33
930,Mara015121.t01,core,500,31,16.13
1570,Mara033242.t01,core,500,31,16.13
799,evm.model.Chr03.4398,core,500,32,15.63
5496,Msa055977.t01,dispensable,46,3,15.33
1187,Mara037979.t01,core,500,33,15.15
17802,Mpoly014148.t01,dispensable,15,1,15.00
7181,evm.model.Chr03.434,dispensable,15,1,15.00
1418,Mara040941.t01,core,500,34,14.71
1359,Mara038832.t01,core,500,34,14.71
7163,Mru022704.t01,dispensable,29,2,14.50
5450,Mpoly002745.t01,dispensable,29,2,14.50
3279,Mara045721.t01,soft_core,72,5,14.40
156,Mara023323.t01,core,500,35,14.29
274,evm.model.Chr07.3712,core,500,35,14.29
8183,Mca043396.t01,dispensable,14,1,14.00
1130,Mara001548.t01,core,500,36,13.89
1213,Mara026102.t01,core,500,36,13.89
964,Mara029079.t01,core,500,36,13.89
256,Mara043406.t01,core,500,36,13.89
527,Mpoly021068.t01,core,500,36,13.89
1630,Mara036600.t01,core,500,37,13.51
349,Msa049976.t01,core,500,37,13.51
1992,Mara035246.t01,core,500,37,13.51
2781,Mara023489.t01,dispensable,66,5,13.20
1885,Mara036917.t01,core,500,38,13.16
1884,Mru008027.t01,core,500,38,13.16
2054,Mara038533.t01,dispensable,65,5,13.00
1186,Mara041960.t01,core,500,39,12.82
344,Mara020996.t01,core,500,39,12.82
340,Mara040662.t01,core,500,39,12.82
1334,Mara023475.t01,core,500,39,12.82
18,Mara025157.t01,core,500,39,12.82
811,Mara027826.t01,core,500,39,12.82
2536,LOC_00008253-mRNA-1,dispensable,38,3,12.67
362,Mara005663.t01,core,500,40,12.50
1620,Mara012223.t01,core,500,40,12.50
2842,Mara032697.t01,dispensable,62,5,12.40
4170,Mru001655.t02,soft_core,74,6,12.33
711,Mara029263.t01,dispensable,37,3,12.33
957,Mara019002.t02,core,500,41,12.20
1618,Mara029805.t01,core,500,41,12.20
2007,LOC_00006199-mRNA-1,core,500,41,12.20
941,Mara025845.t01,core,500,41,12.20
1785,Mpoly002023.t01,core,500,41,12.20
585,Mara011641.t01,core,500,41,12.20
684,evm.model.Chr03.934,core,500,41,12.20
376,Mara013390.t01,core,500,41,12.20
4375,zm4.44G0042290.t1,soft_core,108,9,12.00
6102,Mca046935.t01,dispensable,24,2,12.00
893,Mara038285.t01,core,500,42,11.90
934,Mara029667.t01,core,500,42,11.90
1609,Mara024241.t01,core,500,42,11.90
1557,Mca031622.t01,core,500,42,11.90
1061,Mca043223.t01,dispensable,47,4,11.75
1594,Mara018866.t01,core,500,43,11.63
773,Mca027190.t01,core,500,43,11.63
699,Mca031141.t01,core,500,43,11.63
1219,Mara041547.t01,core,500,43,11.63
310,Mara004912.t01,core,500,43,11.63
1397,Mara043177.t01,core,500,43,11.63
2562,Mca016802.t04,dispensable,209,18,11.61
10387,Msa112838.t01,dispensable,58,5,11.60
281,Mara014653.t01,dispensable,80,7,11.43
3100,Mara008635.t01,core,500,44,11.36
89,LOC_00008554-mRNA-2,core,500,44,11.36
2637,Mca023791.t01,soft_core,500,44,11.36
279,Mara029138.t01,core,500,45,11.11
1854,Mca027613.t01,core,500,45,11.11
367,LOC_00023112-mRNA-1,core,500,45,11.11
989,Mara043825.t01,core,500,45,11.11
965,Mara013460.t01,core,500,45,11.11
1164,Mara039924.t01,core,500,45,11.11
688,Mara010677.t01,soft_core,500,45,11.11
638,Mpoly034082.t01,core,500,45,11.11
1498,LOC_00008764-mRNA-1,core,500,45,11.11
522,Mca049479.t01,core,500,45,11.11
328,Mara028226.t01,core,500,45,11.11
4443,Mara038754.t01,soft_core,55,5,11.00
3876,Mara038357.t01,dispensable,33,3,11.00
5417,Mca046809.t02,dispensable,109,10,10.90
1440,Mara037960.t01,core,500,46,10.87
1277,Mara008184.t01,core,500,46,10.87
1363,Mpoly002588.t01,core,500,46,10.87
2028,LOC_00044628-mRNA-1,core,500,46,10.87
1584,Mara030508.t01,core,500,46,10.87
1360,Mara016465.t01,core,500,46,10.87
1194,Mara020577.t01,soft_core,500,46,10.87
97,Mara000742.t01,core,500,46,10.87
1180,Mara020281.t01,core,500,46,10.87
2341,Mpoly019591.t01,dispensable,64,6,10.67
8894,Mca006540.t01,dispensable,32,3,10.67
170,evm.model.Chr06.589,core,500,47,10.64
191,Mara003480.t01,core,500,47,10.64
2072,Mara039818.t01,core,500,47,10.64
1011,Mara000521.t01,core,500,47,10.64
797,Mara040635.t01,core,500,47,10.64
1597,Mpoly024647.t01,core,500,48,10.42
916,Mara020937.t01,core,500,48,10.42
1990,Mara038014.t01,core,500,48,10.42
877,Mara023462.t01,core,500,48,10.42
913,Mara025513.t01,core,500,48,10.42
1953,Mara035843.t01,core,500,48,10.42
912,Mara014567.t01,core,500,48,10.42
630,Mara015128.t01,core,500,48,10.42
1381,evm.model.Chr04.4007,soft_core,500,48,10.42
335,Mara043471.t01,core,500,48,10.42
4,LOC_00048911-mRNA-1,core,500,48,10.42
813,Mara040447.t01,core,500,48,10.42
827,Mara024740.t01,soft_core,500,48,10.42
1579,Mara038011.t01,core,500,48,10.42
176,Mara037384.t01,core,500,48,10.42
1831,Mca046827.t01,core,500,48,10.42
1400,evm.model.Chr04.322.1.6a735177,core,500,49,10.20
2048,evm.model.Chr01.2234,core,500,49,10.20
83,Mca038780.t01,core,500,49,10.20
515,Mara007961.t01,core,500,49,10.20
518,Mara016763.t01,core,500,49,10.20
1881,Mara012938.t01,core,500,49,10.20
475,evm.model.Chr02.3450,core,500,49,10.20
469,Mara032713.t01,core,500,49,10.20
1265,Mara029549.t01,core,500,49,10.20
196,Mara014614.t01,core,500,49,10.20
1317,Mca017251.t01,core,500,49,10.20
150,Mara011112.t01,core,500,49,10.20
643,Mara010832.t01,soft_core,500,49,10.20
451,Mca024483.t02,dispensable,112,11,10.18
1100,Mara038490.t01,core,500,50,10.00
205,evm.model.Chr04.4468,core,500,50,10.00
209,Mara025220.t01,core,500,50,10.00
789,Mara038319.t01,core,500,50,10.00
224,LOC_00023720-mRNA-1,soft_core,500,50,10.00
165,Mara025078.t01,core,500,50,10.00
696,Mara010922.t01,core,500,50,10.00
1244,Mara021497.t01,soft_core,500,50,10.00
1511,Mara021716.t01,core,500,50,10.00
809,Mara030246.t01,core,500,50,10.00
1548,Mara023604.t01,core,500,50,10.00
2035,zm4.64G0020710.t1,core,500,50,10.00
904,Mara038212.t01,core,500,50,10.00
1922,Msa042476.t01,soft_core,500,50,10.00
473,Mara015420.t01,soft_core,500,50,10.00
1784,Mara025512.t01,core,500,50,10.00
1026,Mara040990.t01,core,500,50,10.00
2262,Mara002364.t01,dispensable,50,5,10.00
21141,Mca035750.t01,dispensable,20,2,10.00
1971,Mara044741.t01,soft_core,109,11,9.91
3204,Msa049753.t01,core,69,7,9.86
1362,Mru029831.t01,soft_core,500,51,9.80
253,Mca003663.t01,core,500,51,9.80
611,Mru049148.t01,core,500,51,9.80
105,Mara001652.t01,soft_core,500,51,9.80
759,Msa026334.t01,core,500,51,9.80
715,Mara025681.t01,core,500,51,9.80
1520,Mara040027.t01,core,500,51,9.80
1364,Mara024240.t01,soft_core,500,52,9.62
316,Mara004882.t01,soft_core,500,52,9.62
1676,Msa048524.t01,core,500,52,9.62
1324,Mara035758.t01,core,500,52,9.62
4638,Mca001791.t01,dispensable,114,12,9.50
3185,LOC_00053260-mRNA-1,soft_core,57,6,9.50
1095,Mara018656.t01,core,500,53,9.43
1117,Mca051621.t01,core,500,53,9.43
1124,Mca031243.t01,core,500,53,9.43
183,Mara020204.t01,core,500,53,9.43
2088,Mru047450.t01,core,500,53,9.43
1996,Mara028807.t01,core,500,53,9.43
348,Mara007415.t01,core,500,53,9.43
17,Mca000652.t01,core,500,53,9.43
458,evm.model.Chr04.4486,core,500,53,9.43
468,Mca047890.t01,core,500,53,9.43
619,Mara009504.t01,core,500,53,9.43
657,Mara012731.t01,core,500,53,9.43
665,evm.model.Chr02.3163,soft_core,500,53,9.43
1448,Mara013053.t01,soft_core,500,53,9.43
1430,Mara043477.t01,core,500,53,9.43
823,Mara035279.t01,core,500,53,9.43
1323,Mara039258.t01,soft_core,500,53,9.43
883,evm.model.Chr02.3214,core,500,53,9.43
890,Mara014320.t01,soft_core,500,53,9.43
1319,Mara013415.t01,core,500,53,9.43
901,Mara040758.t01,core,500,53,9.43
1010,Mara006899.t01,core,500,53,9.43
464,Mpoly008037.t01,dispensable,207,22,9.41
382,Mara005923.t01,soft_core,150,16,9.38
429,Mara038380.t01,dispensable,75,8,9.38
6613,Mca034389.t02,dispensable,28,3,9.33
1220,Mca046153.t01,core,500,54,9.26
1048,Mara018804.t01,core,500,54,9.26
853,evm.model.Chr05.3296,core,500,54,9.26
1824,Mara030041.t01,core,500,54,9.26
967,Mara016119.t01,dispensable,500,54,9.26
486,Mca007992.t01,core,500,54,9.26
1371,Mara035682.t01,core,500,54,9.26
944,Mara015626.t01,core,500,54,9.26
521,Mara020493.t01,core,500,54,9.26
2036,Mara034562.t01,core,500,54,9.26
1611,Mara023977.t01,core,500,54,9.26
1472,Mara040404.t01,core,500,54,9.26
591,Mpoly014583.t01,core,500,54,9.26
651,Mara009935.t01,dispensable,500,54,9.26
538,Mara010125.t01,core,500,54,9.26
902,LOC_00020030-mRNA-1,soft_core,500,54,9.26
1092,Mara010579.t01,core,500,54,9.26
456,Mara021528.t01,core,500,54,9.26
1091,Mara017223.t01,soft_core,500,54,9.26
1386,Mara038172.t01,core,500,54,9.26
212,Mara006759.t01,soft_core,500,54,9.26
1325,Mara005364.t01,soft_core,500,54,9.26
3257,Mca049624.t01,dispensable,37,4,9.25
4601,Mca017247.t01,soft_core,55,6,9.17
1342,Mara036839.t01,core,500,55,9.09
1337,Mara015001.t01,soft_core,500,55,9.09
806,LOC_00001790-mRNA-1,core,500,55,9.09
723,Mca016380.t01,core,500,55,9.09
427,Mara006768.t01,dispensable,500,55,9.09
1749,Mara042775.t01,core,500,55,9.09
283,Mara003492.t01,soft_core,500,55,9.09
2511,Mara024663.t01,core,500,55,9.09
1246,Mara028015.t01,soft_core,500,55,9.09
537,Mpoly006871.t01,soft_core,500,55,9.09
1917,Mara007853.t01,core,500,55,9.09
467,Mara015872.t01,core,500,55,9.09
239,Mara003550.t01,soft_core,500,55,9.09
1234,Mara025257.t01,core,500,55,9.09
327,Mca025667.t01,core,500,55,9.09
1544,Mara027777.t01,core,500,55,9.09
278,Mca026826.t01,core,500,55,9.09
1819,Mara035020.t01,core,500,56,8.93
1111,Mara019000.t01,core,500,56,8.93
1182,Mara025427.t01,core,500,56,8.93
420,Mpoly005300.t01,core,500,56,8.93
425,Mca007132.t01,soft_core,500,56,8.93
428,Mara006832.t01,soft_core,500,56,8.93
401,Mara005746.t01,core,500,56,8.93
68,Mara023926.t01,core,500,56,8.93
1276,Mara011691.t01,core,500,56,8.93
1766,Mara029932.t01,core,500,56,8.93
920,Mca010864.t01,core,500,56,8.93
1278,Mara025542.t01,core,500,56,8.93
1303,Mara025096.t01,core,500,56,8.93
903,evm.model.Chr08.178,core,500,56,8.93
1920,Mara029773.t01,core,500,56,8.93
477,Mara034609.t01,soft_core,500,56,8.93
1366,LOC_00037489-mRNA-1,core,500,56,8.93
777,evm.model.Chr02.3932,core,500,56,8.93
168,Mara020826.t01,core,500,56,8.93
758,Mara014823.t01,soft_core,500,56,8.93
752,Mru011931.t01,core,500,56,8.93
1439,Mara026052.t01,core,500,56,8.93
2463,Msa114145.t01,core,500,56,8.93
533,Mara031028.t01,core,500,56,8.93
1059,zm4.54G0035130.t1,core,500,56,8.93
5476,Mca020457.t01,dispensable,44,5,8.80
1184,Mara020396.t01,core,500,57,8.77
47,Mca029831.t01,core,500,57,8.77
687,Mara020545.t01,soft_core,500,57,8.77
442,evm.model.Chr02.629.3.6a735188,dispensable,500,57,8.77
940,Mara014632.t01,core,500,57,8.77
550,Mru021060.t01,core,500,57,8.77
304,Mara004345.t01,core,500,57,8.77
1188,Mca042612.t01,core,500,57,8.77
1005,Mca025424.t01,core,500,57,8.77
666,LOC_00037994-mRNA-3,core,500,57,8.77
956,Mru018676.t01,core,500,57,8.77
422,Mara002548.t01,core,500,57,8.77
608,Mara034896.t01,core,500,57,8.77
173,Mru006553.t02,soft_core,500,57,8.77
983,evm.model.Chr01.4226,core,500,57,8.77
820,Mara012977.t01,soft_core,500,57,8.77
988,Mara037460.t01,core,500,57,8.77
1507,Mara036482.t01,core,500,57,8.77
1392,evm.model.Chr01.771,core,500,57,8.77
5447,evm.model.Chr03.4170,dispensable,35,4,8.75
1818,evm.model.Chr06.3490,core,500,58,8.62
351,Mara001088.t01,soft_core,500,58,8.62
1913,Mara036833.t01,soft_core,500,58,8.62
1669,Mara024494.t01,soft_core,500,58,8.62
504,Mara007737.t01,soft_core,500,58,8.62
650,Mara009697.t01,soft_core,500,58,8.62
1214,Mca025567.t01,core,500,58,8.62
232,Mara003351.t01,soft_core,500,58,8.62
697,zm4.24G0040740.t1,soft_core,500,58,8.62
195,Mpoly004368.t01,soft_core,500,58,8.62
1401,LOC_00013431-mRNA-1,core,500,58,8.62
175,Mara003278.t01,core,500,58,8.62
783,Mca029816.t01,core,500,58,8.62
796,Mara012626.t01,soft_core,500,58,8.62
810,LOC_00042376-mRNA-1,core,500,58,8.62
1357,Mara035624.t01,core,500,58,8.62
1356,Mara034401.t01,core,500,58,8.62
1350,Mru030641.t01,core,500,58,8.62
885,Mara014199.t01,soft_core,500,58,8.62
938,Mara025111.t01,core,500,58,8.62
377,LOC_00003817-mRNA-1,core,500,58,8.62
394,Mca039560.t01,soft_core,500,58,8.62
669,Mara034949.t01,core,500,59,8.47
1649,Mara033762.t01,core,500,59,8.47
1109,Mara017065.t01,core,500,59,8.47
761,Mara040878.t01,core,500,59,8.47
1021,Mara023189.t01,core,500,59,8.47
461,Mara007275.t01,core,500,59,8.47
560,evm.model.Chr05.937,core,500,59,8.47
1481,Mca025700.t01,core,500,59,8.47
613,Mara008514.t01,soft_core,500,59,8.47
405,Mca006588.t01,core,500,59,8.47
227,Mara003216.t01,core,500,59,8.47
1825,Mara035264.t01,soft_core,500,59,8.47
887,Mara008679.t01,core,500,59,8.47
502,Mara007816.t01,core,500,59,8.47
852,Mara041748.t01,core,500,59,8.47
1076,LOC_00002626-mRNA-1,core,500,59,8.47
968,Mara016127.t01,core,500,59,8.47
1793,Mara032569.t01,core,500,59,8.47
907,evm.model.Chr03.1932,dispensable,500,59,8.47
911,Mara000514.t01,soft_core,500,59,8.47
1643,evm.model.Chr06.2681,core,500,59,8.47
1553,Mara023260.t01,core,500,59,8.47
158,Mara013902.t01,core,500,59,8.47
589,Mara006376.t01,core,500,59,8.47
1563,Mara021921.t01,core,500,59,8.47
1898,Mara036841.t01,core,500,59,8.47
1036,Mara017491.t01,core,500,59,8.47
326,LOC_00015377-mRNA-1,core,500,59,8.47
866,Mara011127.t01,core,500,59,8.47
1604,Mara029505.t01,soft_core,177,21,8.43
4527,evm.model.Chr05.3609,dispensable,42,5,8.40
1045,Msa019898.t01,core,426,51,8.35
64,Mara001891.t01,soft_core,500,60,8.33
1652,Msa093876.t01,soft_core,500,60,8.33
849,evm.model.Chr02.1185.1.6a73523e,core,500,60,8.33
463,Mara007249.t01,core,500,60,8.33
882,Mara012941.t01,core,500,60,8.33
100,Mara002531.t01,soft_core,500,60,8.33
1479,Mara015367.t01,core,500,60,8.33
562,LOC_00005100-mRNA-1,core,500,60,8.33
1231,Mara023133.t01,soft_core,500,60,8.33
300,evm.model.Chr01.3463.3.6a7354f6,soft_core,500,60,8.33
237,Mara003535.t01,soft_core,500,60,8.33
404,Mara006741.t01,core,500,60,8.33
1012,Mara022821.t01,core,500,60,8.33
557,Mara006686.t01,core,500,60,8.33
1068,Msa021605.t01,core,500,60,8.33
1097,Mara009487.t01,core,500,60,8.33
992,Mru019301.t01,core,500,60,8.33
412,Mara005288.t01,core,500,60,8.33
14,Mara000628.t01,soft_core,500,60,8.33
1247,Mara009824.t01,soft_core,500,60,8.33
325,evm.model.Chr01.3853,soft_core,500,60,8.33
1821,Mca027523.t01,core,500,60,8.33
1179,Mara002817.t01,core,500,60,8.33
747,Mca016409.t01,soft_core,500,60,8.33
506,LOC_00035156-mRNA-1,soft_core,500,60,8.33
949,Mara010256.t01,core,500,60,8.33
768,Mca041161.t01,core,500,60,8.33
499,Mara020484.t01,core,500,60,8.33
432,evm.model.Chr02.424.1.6a735140,core,500,60,8.33
439,Mca007334.t01,core,500,60,8.33
921,Mara014879.t01,core,500,60,8.33
154,Mara014504.t01,core,500,60,8.33
906,Mara014519.t01,dispensable,500,60,8.33
452,Msa022725.t01,soft_core,500,60,8.33
1311,Mara022935.t01,core,500,60,8.33
582,Mara017405.t01,core,500,60,8.33
749,Mara027430.t01,core,500,61,8.20
951,Mara015619.t01,core,500,61,8.20
514,Mara007952.t01,soft_core,500,61,8.20
501,Mara007594.t01,soft_core,500,61,8.20
1024,Mca020510.t01,core,500,61,8.20
345,Mru013868.t01,core,500,61,8.20
628,Mara009559.t01,core,500,61,8.20
1210,Mara033905.t01,soft_core,500,61,8.20
946,Mru018990.t01,core,500,61,8.20
878,Mara014758.t01,core,500,61,8.20
295,Mara008491.t01,core,500,61,8.20
1531,Mara027463.t01,soft_core,500,61,8.20
287,Mara004341.t01,soft_core,500,61,8.20
867,Mara011979.t01,core,500,61,8.20
71,Mara001176.t01,soft_core,500,61,8.20
1227,Mpoly008729.t01,soft_core,500,61,8.20
1105,evm.model.Chr04.4964,core,500,61,8.20
923,Mara017087.t01,soft_core,500,61,8.20
1474,LOC_00031610-mRNA-2,core,500,61,8.20
392,Mara010087.t01,soft_core,500,61,8.20
1259,LOC_00005194-mRNA-2,soft_core,500,61,8.20
16,Mara000199.t01,core,500,61,8.20
23,LOC_00020850-mRNA-1,dispensable,500,61,8.20
1880,LOC_00031490-mRNA-1,core,500,61,8.20
1245,evm.model.Chr04.2327,soft_core,500,61,8.20
1411,Mara001912.t01,soft_core,500,61,8.20
720,evm.model.Chr02.2477,soft_core,500,61,8.20
598,Mca023532.t01,soft_core,500,61,8.20
457,Mru006514.t01,soft_core,500,61,8.20
15,Mpoly001891.t01,core,500,61,8.20
1112,Mara027209.t01,core,500,61,8.20
574,evm.model.Chr04.3026,core,500,61,8.20
245,Mara019332.t01,soft_core,500,61,8.20
2751,Mca009379.t02,core,500,61,8.20
629,Mca009628.t01,soft_core,500,61,8.20
1145,Mara016909.t01,core,500,61,8.20
2114,Mara043950.t01,core,41,5,8.20
2970,evm.model.Chr06.1487,dispensable,49,6,8.17
3704,Mara025437.t01,dispensable,97,12,8.08
261,Mara019574.t01,soft_core,500,62,8.06
610,Msa024929.t01,core,500,62,8.06
248,Mara003779.t01,soft_core,500,62,8.06
244,Mara003640.t01,soft_core,500,62,8.06
1935,Mara038275.t01,core,500,62,8.06
321,Mara004771.t01,soft_core,500,62,8.06
322,Mara005045.t01,soft_core,500,62,8.06
378,Mru020773.t01,core,500,62,8.06
1367,Mara026620.t01,soft_core,500,62,8.06
164,Mara000024.t01,soft_core,500,62,8.06
7,Mara000095.t01,core,500,62,8.06
1837,Mara036624.t01,core,500,62,8.06
884,Mara019529.t01,core,500,62,8.06
910,Mara012467.t01,soft_core,500,62,8.06
79,Mara015289.t01,core,500,62,8.06
448,evm.model.Chr03.2019,dispensable,500,62,8.06
1732,Mca035692.t01,core,500,62,8.06
928,Mara015588.t01,soft_core,500,62,8.06
935,Mara024224.t01,core,500,62,8.06
953,Mara014780.t01,core,500,62,8.06
969,Mara021536.t01,soft_core,500,62,8.06
978,Mca012997.t01,core,500,62,8.06
1802,Mara002062.t01,core,500,62,8.06
273,Mara003408.t01,core,500,62,8.06
1539,Mara025395.t01,core,500,62,8.06
1526,Mca036689.t01,core,500,62,8.06
2126,Mara044193.t01,soft_core,40,5,8.00
1817,Mca040286.t01,dispensable,500,63,7.94
730,Mru013562.t01,soft_core,500,63,7.94
690,Mara010153.t01,soft_core,500,63,7.94
167,Mara037684.t01,core,500,63,7.94
139,Mca035083.t01,core,500,63,7.94
74,Mara004424.t01,core,500,63,7.94
500,LOC_00014961-mRNA-1,core,500,63,7.94
1358,Mara025245.t01,core,500,63,7.94
484,evm.model.Chr03.2074,core,500,63,7.94
627,Msa027720.t01,soft_core,500,63,7.94
1272,Mara021328.t01,core,500,63,7.94
450,Mara007019.t01,core,500,63,7.94
284,Mara004653.t01,core,500,63,7.94
26,Mru000923.t01,dispensable,500,63,7.94
933,Mara013645.t01,core,500,63,7.94
741,Mara026463.t01,soft_core,500,63,7.94
915,Mara019295.t01,soft_core,500,63,7.94
870,Mara011057.t01,core,500,63,7.94
70,Mara001182.t01,soft_core,500,63,7.94
1524,LOC_00036155-mRNA-1,core,500,63,7.94
1399,Mara024640.t01,core,500,63,7.94
936,Mara004147.t01,core,500,63,7.94
449,Mara007095.t01,core,500,63,7.94
857,Mara030135.t01,core,500,63,7.94
22,Mara001147.t01,soft_core,500,63,7.94
31,Mru000457.t01,core,500,63,7.94
396,LOC_00051142-mRNA-1,core,500,63,7.94
447,Mara007163.t01,soft_core,500,64,7.81
91,Mara001628.t01,dispensable,500,64,7.81
991,Mca042063.t01,core,500,64,7.81
203,Mara010899.t01,core,500,64,7.81
406,Mara038709.t01,core,500,64,7.81
922,Mara014926.t01,dispensable,500,64,7.81
519,Mara007861.t01,core,500,64,7.81
383,Mara011966.t01,soft_core,500,64,7.81
1466,Mca009987.t01,core,500,64,7.81
662,Msa016990.t01,core,500,64,7.81
558,zm4.34G0035070.t1,core,500,64,7.81
847,Mara004709.t01,soft_core,500,64,7.81
1715,Mara031781.t01,core,500,64,7.81
1816,Mara030846.t01,soft_core,500,64,7.81
133,Mara008676.t01,core,500,64,7.81
1628,Msa151334.t02,core,500,64,7.81
124,Mara033963.t01,core,500,64,7.81
54,evm.model.Chr01.1432,core,500,64,7.81
743,LOC_00010263-mRNA-1,core,500,64,7.81
426,Mara006939.t01,dispensable,500,64,7.81
971,Mara016168.t01,core,500,64,7.81
616,Mara026381.t01,core,500,64,7.81
182,Mara002577.t01,soft_core,500,64,7.81
272,Mara003984.t01,core,500,64,7.81
5848,evm.model.Chr05.2309,dispensable,78,10,7.80
1789,Mca023298.t01,dispensable,62,8,7.75
3438,Mara029136.t01,core,447,58,7.71
82,Mpoly001174.t01,soft_core,500,65,7.69
117,Mara002322.t01,soft_core,500,65,7.69
633,Mara010585.t01,core,500,65,7.69
388,Mara039112.t01,core,500,65,7.69
77,Mara001266.t01,core,500,65,7.69
583,Mara008776.t01,core,500,65,7.69
785,Mara012472.t02,core,500,65,7.69
1368,LOC_00028713-mRNA-1,soft_core,500,65,7.69
1264,Mara021932.t01,core,500,65,7.69
1383,Mara016569.t01,core,500,65,7.69
271,evm.model.Chr01.3389,soft_core,500,65,7.69
431,Mara006635.t01,dispensable,500,65,7.69
744,Mara014434.t01,core,500,65,7.69
620,Mara023158.t01,core,500,65,7.69
984,Mara015843.t01,core,500,65,7.69
193,Msa042708.t02,soft_core,500,65,7.69
415,Mara003079.t01,soft_core,500,65,7.69
1238,Mara025147.t01,soft_core,500,65,7.69
714,Mca018892.t01,soft_core,500,65,7.69
1420,evm.model.Chr05.3464,core,500,65,7.69
1222,Mca014055.t01,core,500,65,7.69
1029,Msa046844.t01,core,500,65,7.69
1467,Mca016799.t01,core,500,65,7.69
547,Mca008848.t01,soft_core,500,65,7.69
1559,Mara025885.t01,core,500,65,7.69
636,Mara016381.t01,core,500,65,7.69
875,Mara018950.t01,core,500,65,7.69
459,evm.model.Chr04.2488,soft_core,500,65,7.69
1704,Mara031558.t01,core,500,65,7.69
1098,Mara023454.t01,core,500,65,7.69
844,LOC_00033061-mRNA-2,soft_core,500,65,7.69
110,Mara002216.t01,soft_core,500,65,7.69
1312,Mara037689.t01,core,500,65,7.69
2938,evm.model.Chr07.2635,dispensable,61,8,7.63
891,Mara025238.t01,soft_core,500,66,7.58
8,Mara000115.t01,soft_core,500,66,7.58
161,Mara002192.t01,soft_core,500,66,7.58
192,Mara002644.t01,core,500,66,7.58
217,Mara005738.t01,core,500,66,7.58
324,Mara025205.t01,core,500,66,7.58
357,LOC_00025680-mRNA-1,soft_core,500,66,7.58
393,LOC_00027109-mRNA-1,core,500,66,7.58
399,Mca013614.t02,core,500,66,7.58
413,Msa005612.t01,core,500,66,7.58
474,Mara007308.t01,core,500,66,7.58
482,LOC_00005218-mRNA-2,core,500,66,7.58
507,Mara008715.t01,core,500,66,7.58
581,Mara027642.t01,core,500,66,7.58
621,Mara020850.t01,soft_core,500,66,7.58
678,Mara010711.t01,soft_core,500,66,7.58
718,Mara030196.t01,core,500,66,7.58
740,Mara013625.t01,core,500,66,7.58
822,Mara015833.t01,soft_core,500,66,7.58
837,Mara036703.t01,core,500,66,7.58
1093,Mara020435.t01,soft_core,500,66,7.58
1183,Mara026556.t01,core,500,66,7.58
1250,Mara021549.t01,soft_core,500,66,7.58
1406,Mara008493.t01,soft_core,500,66,7.58
1644,Mca031409.t01,core,500,66,7.58
1937,Mpoly030252.t01,core,500,66,7.58
2939,evm.model.Chr08.3326,soft_core,91,12,7.58
1077,Mara018344.t01,dispensable,30,4,7.50
1429,Mara020922.t01,core,500,67,7.46
44,Mca023581.t01,core,500,67,7.46
719,LOC_00019373-mRNA-1,core,500,67,7.46
702,Mara010963.t01,soft_core,500,67,7.46
380,LOC_00023902-mRNA-1,core,500,67,7.46
845,Mara009241.t01,soft_core,500,67,7.46
846,Mara014079.t01,core,500,67,7.46
483,Mara008038.t01,soft_core,500,67,7.46
1372,Mara027479.t01,core,500,67,7.46
320,Mara006026.t01,dispensable,500,67,7.46
1624,Mara043410.t01,core,500,67,7.46
670,Mara010081.t01,soft_core,500,67,7.46
257,Mara003864.t01,soft_core,500,67,7.46
873,Mca016896.t01,core,500,67,7.46
880,Mara007922.t01,core,500,67,7.46
258,Mara002366.t01,core,500,67,7.46
899,Mara014441.t01,core,500,67,7.46
481,Mara021441.t01,core,500,67,7.46
905,Mru013866.t02,core,500,67,7.46
987,Mara013554.t01,core,500,67,7.46
1650,Mara037326.t01,core,500,67,7.46
214,Mpoly003970.t01,dispensable,500,67,7.46
303,Mara001738.t01,core,500,67,7.46
78,Mara021619.t01,core,500,67,7.46
35,Mara000424.t01,soft_core,500,67,7.46
341,Mara008698.t01,core,500,67,7.46
945,Mara029920.t01,soft_core,500,67,7.46
1094,Mara018664.t01,core,500,67,7.46
5077,Msa036142.t01,dispensable,52,7,7.43
424,Mca044680.t01,dispensable,52,7,7.43
5642,Mca028701.t02,soft_core,37,5,7.40
1569,Mara024337.t01,core,500,68,7.35
445,Mara009384.t01,soft_core,500,68,7.35
347,Mara003201.t01,core,500,68,7.35
293,Mara013971.t01,soft_core,500,68,7.35
73,Mara001206.t01,soft_core,500,68,7.35
614,Msa011270.t01,core,500,68,7.35
564,Mara008655.t01,soft_core,500,68,7.35
894,Mara014369.t01,dispensable,500,68,7.35
225,Mara002274.t01,soft_core,500,68,7.35
238,Mara003536.t01,soft_core,500,68,7.35
1532,Mara013446.t01,core,500,68,7.35
595,LOC_00012419-mRNA-1,core,500,68,7.35
201,Mara028288.t01,core,500,68,7.35
312,Mara005506.t01,core,500,68,7.35
43,LOC_00020668-mRNA-1,core,500,68,7.35
860,Mara016659.t01,soft_core,500,68,7.35
112,Mara017646.t01,core,500,68,7.35
548,LOC_00016352-mRNA-1,core,500,68,7.35
334,Mara005160.t01,core,500,68,7.35
733,Mara012678.t01,soft_core,500,68,7.35
1352,Mara025594.t01,core,500,68,7.35
285,evm.model.Chr01.2728,soft_core,500,68,7.35
433,Mara006875.t01,core,500,68,7.35
2724,evm.model.Chr04.2430,dispensable,44,6,7.33
578,Mara021009.t01,core,500,69,7.25
27,Mara000361.t01,core,500,69,7.25
1914,evm.model.Chr05.1410,dispensable,500,69,7.25
485,Mara007551.t01,core,500,69,7.25
513,Mara015586.t01,soft_core,500,69,7.25
1944,Mara026705.t01,core,500,69,7.25
343,Mara007311.t01,core,500,69,7.25
932,Mara013887.t01,core,500,69,7.25
924,Mara012877.t01,dispensable,500,69,7.25
917,Mca016246.t01,core,500,69,7.25
359,Mca013612.t01,core,500,69,7.25
848,Mara014202.t01,core,500,69,7.25
1348,Msa071662.t01,core,500,69,7.25
84,Mara001691.t01,core,500,69,7.25
2311,Mara004115.t01,soft_core,500,69,7.25
716,Mca014886.t01,soft_core,500,69,7.25
644,Mara009308.t01,soft_core,500,69,7.25
180,Mara003282.t01,core,500,69,7.25
1653,Mara030493.t01,soft_core,500,69,7.25
5778,Mara034298.t01,dispensable,29,4,7.25
331,Mca004559.t01,core,500,70,7.14
51,evm.model.Chr02.1727.3.6a735300,soft_core,500,70,7.14
739,evm.model.Chr02.4807,core,500,70,7.14
104,Msa001784.t01,core,500,70,7.14
555,Mara010568.t01,core,500,70,7.14
1385,Mara012030.t01,soft_core,500,70,7.14
918,Mara008361.t01,core,500,70,7.14
40,Mara012651.t01,soft_core,500,70,7.14
118,Msa002106.t01,soft_core,500,70,7.14
732,Mara011442.t01,core,500,70,7.14
541,Mru017194.t01,soft_core,500,70,7.14
138,Mara001974.t01,core,500,70,7.14
2469,Mara029026.t01,soft_core,219,31,7.06
1133,LOC_00003892-mRNA-1,soft_core,500,71,7.04
717,Mara009412.t01,core,500,71,7.04
230,LOC_00023914-mRNA-1,core,500,71,7.04
824,Mara014835.t01,soft_core,500,71,7.04
703,Mara011005.t01,soft_core,500,71,7.04
249,Mca003448.t01,core,500,71,7.04
440,Mara011645.t01,core,500,71,7.04
854,LOC_00006581-mRNA-1,soft_core,500,71,7.04
443,Mca011709.t01,soft_core,500,71,7.04
1047,Msa025012.t01,core,500,71,7.04
478,Mru009975.t01,core,500,71,7.04
346,evm.model.Chr04.1354.1.6a7352c7,soft_core,500,71,7.04
625,Mara009879.t01,soft_core,500,71,7.04
982,Mara015361.t01,core,500,71,7.04
2656,Mru036287.t01,core,500,71,7.04
9,Mara000078.t01,core,500,71,7.04
1230,Mara021937.t01,dispensable,500,71,7.04
1087,Mpoly013789.t01,core,500,71,7.04
3134,Mca040249.t01,dispensable,98,14,7.00
6030,Mca047101.t01,dispensable,49,7,7.00
5061,evm.model.Chr02.1494,dispensable,28,4,7.00
7179,Msa067958.t01,dispensable,21,3,7.00
5426,Mca017870.t01,dispensable,14,2,7.00
868,Mara011431.t01,soft_core,500,72,6.94
59,LOC_00020437-mRNA-1,core,500,72,6.94
1030,Mara018827.t01,core,500,72,6.94
1004,Mara019732.t01,dispensable,500,72,6.94
76,Mara001250.t01,core,500,72,6.94
1291,Mara035221.t01,core,500,72,6.94
96,Mara001556.t01,dispensable,500,72,6.94
803,Mara012693.t01,core,500,72,6.94
1369,Mara025032.t01,soft_core,500,72,6.94
735,Mara011185.t01,soft_core,500,72,6.94
33,Mara000604.t01,core,500,72,6.94
113,Mara001840.t01,soft_core,500,72,6.94
160,Mara005100.t01,core,500,72,6.94
166,Mara002265.t01,soft_core,500,72,6.94
622,Mara008592.t01,soft_core,500,72,6.94
181,evm.model.Chr02.2231,core,500,72,6.94
3104,Mca029938.t01,core,500,72,6.94
1665,Mara024743.t01,core,500,72,6.94
213,Mara011804.t01,core,500,72,6.94
438,LOC_00014169-mRNA-1,core,500,72,6.94
1808,Mara030837.t01,core,500,72,6.94
277,Mara013463.t01,soft_core,500,72,6.94
2325,evm.model.Chr01.4340,soft_core,166,24,6.92
4560,Mca052101.t01,core,117,17,6.88
659,Mara010201.t01,core,500,73,6.85
573,Mara005093.t01,core,500,73,6.85
1453,evm.model.Chr05.3509,core,500,73,6.85
832,LOC_00033215-mRNA-1,core,500,73,6.85
1032,Mpoly013290.t01,core,500,73,6.85
1426,Mru025028.t01,core,500,73,6.85
604,Mara004014.t01,core,500,73,6.85
937,Mara017824.t01,soft_core,500,73,6.85
896,Mara005637.t01,soft_core,500,73,6.85
1189,Mara020451.t01,core,500,73,6.85
3184,evm.model.Chr08.1672.3.6a73532a,soft_core,89,13,6.85
1175,Mara020212.t01,dispensable,82,12,6.83
350,LOC_00036115-mRNA-2,core,500,74,6.76
543,Mara019031.t01,dispensable,500,74,6.76
1919,evm.model.Chr08.726,soft_core,500,74,6.76
1528,Mara027392.t01,core,500,74,6.76
1040,Mru030905.t01,soft_core,500,74,6.76
308,Mara004711.t01,core,500,74,6.76
268,evm.model.Chr01.3671.1.6a73553a,soft_core,500,74,6.76
639,Mara011151.t02,soft_core,500,74,6.76
1454,LOC_00030092-mRNA-1,soft_core,500,74,6.76
397,Mara023564.t01,core,500,74,6.76
3169,Mara045011.t01,core,81,12,6.75
5520,Mca021747.t01,dispensable,27,4,6.75
416,Mara001235.t01,soft_core,500,75,6.67
369,Mara005782.t01,core,500,75,6.67
363,Mara005533.t01,core,500,75,6.67
465,Msa008012.t01,core,500,75,6.67
986,Mara012159.t01,core,500,75,6.67
207,Mara002534.t01,soft_core,500,75,6.67
298,Mca031758.t01,core,500,75,6.67
572,Mara002373.t01,core,500,75,6.67
294,evm.model.Chr01.2613.2.6a7353af,core,500,75,6.67
520,Mara010455.t01,soft_core,500,75,6.67
525,LOC_00016516-mRNA-1,soft_core,500,75,6.67
1147,Mara019731.t01,core,500,75,6.67
1115,Mca029212.t01,soft_core,500,75,6.67
1388,zm4.54G0032450.t1,core,500,75,6.67
772,LOC_00038311-mRNA-1,soft_core,500,75,6.67
286,Mara015893.t01,soft_core,500,75,6.67
2135,Mara044586.t01,core,500,75,6.67
184,Mara012709.t01,soft_core,500,75,6.67
3538,Mpoly027008.t01,core,193,29,6.66
1851,Mru055108.t01,core,106,16,6.63
753,Mca030562.t01,core,500,76,6.58
787,Mara011985.t01,core,500,76,6.58
2067,Mpoly005769.t02,core,500,76,6.58
605,Mara008538.t01,core,500,76,6.58
1212,Mca012619.t01,soft_core,500,76,6.58
93,Mara000585.t01,core,500,76,6.58
81,Mru001824.t01,soft_core,500,76,6.58
186,Mara003542.t01,soft_core,500,76,6.58
169,Mara002555.t01,soft_core,500,76,6.58
5779,Mca033880.t01,dispensable,65,10,6.50
403,Mara022736.t01,core,500,77,6.49
802,Mara012689.t01,soft_core,500,77,6.49
1469,Mara042019.t01,soft_core,500,77,6.49
570,Mara009363.t01,soft_core,500,77,6.49
568,LOC_00000732-mRNA-1,core,500,77,6.49
509,Mca009691.t01,soft_core,500,77,6.49
491,Msa024015.t01,core,500,77,6.49
444,Mru025027.t01,core,500,77,6.49
2268,evm.model.Chr03.3503.3.6a735504,core,500,77,6.49
198,Mca008657.t02,core,500,77,6.49
188,Mara002610.t01,soft_core,500,77,6.49
95,Mara001550.t01,core,500,77,6.49
2167,Mara043528.t01,core,188,29,6.48
3685,Mpoly021043.t01,dispensable,45,7,6.43
2520,evm.model.Chr03.550,core,45,7,6.43
233,Mara002693.t01,soft_core,500,78,6.41
140,LOC_00022423-mRNA-1,soft_core,500,78,6.41
682,Mca010744.t01,soft_core,500,78,6.41
251,Mara003734.t01,soft_core,500,78,6.41
229,Mru008626.t01,soft_core,500,78,6.41
615,evm.model.Chr02.3139,soft_core,500,78,6.41
470,Mara014858.t01,core,500,78,6.41
1060,Mca044293.t01,core,500,78,6.41
56,Mara001726.t01,core,500,78,6.41
1170,Mca038098.t01,dispensable,500,78,6.41
402,LOC_00013688-mRNA-1,core,500,78,6.41
1283,Mara009642.t01,soft_core,500,78,6.41
3319,Msa091065.t01,dispensable,70,11,6.36
2,Mara000010.t01,soft_core,500,79,6.33
352,evm.model.Chr03.102.1.6a7350e3,core,500,79,6.33
395,Mara005645.t01,core,500,79,6.33
2181,Mara009019.t01,soft_core,500,79,6.33
67,Mara001073.t01,soft_core,500,79,6.33
1510,Mara045426.t01,core,500,79,6.33
762,Mru021927.t01,soft_core,500,79,6.33
705,Mara011335.t01,soft_core,500,79,6.33
115,Mca002845.t01,soft_core,500,79,6.33
7285,Mca027810.t01,dispensable,19,3,6.33
4751,Mru055276.t01,soft_core,44,7,6.29
1982,Mca033529.t01,core,500,80,6.25
2237,Mpoly023883.t01,core,500,80,6.25
152,Mara002121.t01,soft_core,500,80,6.25
462,Mara040377.t01,core,500,80,6.25
1103,evm.model.Chr02.1521,core,500,80,6.25
364,Mara010492.t01,core,500,80,6.25
292,Mara011450.t01,soft_core,500,80,6.25
410,LOC_00017789-mRNA-3,core,500,80,6.25
979,Mara012665.t01,core,500,80,6.25
2934,Mca026729.t01,dispensable,81,13,6.23
1353,Mara023993.t01,core,500,81,6.17
318,evm.model.Chr02.1198,core,500,81,6.17
200,Mara002259.t01,soft_core,500,82,6.10
590,Mara013372.t01,core,500,82,6.10
1002,LOC_00033539-mRNA-1,core,500,82,6.10
1765,LOC_00028251-mRNA-1,core,500,83,6.02
1991,evm.model.Chr06.1387,core,500,83,6.02
1638,zm4.74G0013090.t1,core,500,83,6.02
57,Mpoly002305.t01,soft_core,500,83,6.02
829,Mpoly022408.t01,soft_core,500,83,6.02
4383,Mca020724.t01,dispensable,54,9,6.00
5688,Mara030054.t01,dispensable,42,7,6.00
309,Mara001705.t01,soft_core,500,84,5.95
1787,Mpoly022830.t01,core,500,84,5.95
742,evm.model.Chr02.4798,core,500,84,5.95
4124,Mara018514.t01,dispensable,53,9,5.89
1451,LOC_00001632-mRNA-1,core,500,85,5.88
584,Mara020534.t01,core,500,85,5.88
663,Mara010240.t01,core,500,85,5.88
781,Mara012972.t01,core,500,85,5.88
2183,Mca013724.t01,core,258,44,5.86
1121,Mara043700.t01,core,500,86,5.81
1580,LOC_00047502-mRNA-1,soft_core,500,86,5.81
455,Mara006862.t01,core,500,87,5.75
1691,Mara034748.t01,soft_core,500,87,5.75
841,Mara002566.t01,core,500,87,5.75
119,Mara001265.t01,core,500,87,5.75
3125,Mca046660.t01,soft_core,69,12,5.75
219,Mara003266.t01,core,500,88,5.68
1445,Mara018185.t01,soft_core,500,88,5.68
2534,Mara039714.t01,soft_core,51,9,5.67
3686,Mpoly000714.t01,dispensable,34,6,5.67
199,Mara002823.t01,core,500,89,5.62
1138,LOC_00050897-mRNA-1,core,500,90,5.56
102,Mca013974.t01,core,500,91,5.49
190,Mara005654.t01,soft_core,500,92,5.43
7577,Msa094901.t01,dispensable,65,12,5.42
2209,Mca020228.t01,dispensable,108,20,5.40
2097,Mara043268.t01,core,500,93,5.38
1057,Mru024946.t01,core,500,94,5.32
101,Mru021902.t01,core,500,94,5.32
1567,Mca034307.t01,core,500,95,5.26
593,LOC_00032714-mRNA-2,core,500,95,5.26
2435,Mara002692.t01,core,500,95,5.26
963,Mca004574.t03,soft_core,500,97,5.15
1926,Mca048798.t01,core,500,97,5.15
6654,Mca039091.t02,dispensable,36,7,5.14
5089,zm4.34G0000410.t1,soft_core,56,11,5.09
111,Mara008792.t01,soft_core,500,100,5.00
1641,Mca037845.t01,core,500,100,5.00
1139,Mara019166.t01,core,500,100,5.00
6516,Mca018647.t02,dispensable,45,9,5.00
6126,Mara043799.t01,dispensable,25,5,5.00
1125,Mara019377.t01,core,500,101,4.95
2068,Mpoly023742.t02,dispensable,59,12,4.92
3118,zm4.14G0055090.t1,core,500,102,4.90
1760,Mca001926.t01,core,500,103,4.85
1003,evm.model.Chr03.375.1.6a73513a,core,500,104,4.81
9801,Mca046835.t01,dispensable,24,5,4.80
794,Mca046730.t01,core,500,105,4.76
6472,Mca017587.t03,dispensable,19,4,4.75
1432,Mara039314.t01,core,500,106,4.72
1330,Mara034672.t01,core,500,106,4.72
2439,Msa149972.t01,core,500,106,4.72
6105,Msa153211.t01,dispensable,33,7,4.71
1667,Mpoly008193.t01,core,500,107,4.67
2897,Mca013361.t01,core,500,109,4.59
3197,Mru040692.t02,dispensable,55,12,4.58
1318,Mara043428.t01,core,500,110,4.55
1305,Mara025023.t01,core,500,110,4.55
554,Mpoly015064.t01,core,500,111,4.50
5934,Mca040009.t01,dispensable,18,4,4.50
373,Mca029086.t01,core,500,112,4.46
5289,Mca037861.t01,dispensable,49,11,4.45
375,Mca002304.t01,core,500,113,4.42
775,Mca003970.t01,core,500,114,4.39
1226,Mara033206.t01,soft_core,500,115,4.35
535,Mca002854.t01,soft_core,500,115,4.35
5161,Mca006748.t02,dispensable,52,12,4.33
5253,Mca011384.t01,dispensable,68,16,4.25
1248,LOC_00005436-mRNA-1,core,500,122,4.10
2162,Mara001806.t01,soft_core,500,123,4.07
3041,Mca008673.t01,core,500,123,4.07
4492,Mca006787.t01,soft_core,500,126,3.97
1788,Msa032705.t03,core,500,128,3.91
2177,Mca002620.t01,core,500,133,3.76
721,Mara019401.t01,core,500,138,3.62
2275,Mara035831.t01,dispensable,37,0,
8298,Msa151011.t01,dispensable,15,0,
(894 rows)
