cluster_id,accession_name,gene_name
7,M_sativa_ssp_caerulea_landa,Mca050994
15,M_sativa_ssp_caerulea_landa,Mca050902
16,M_sativa_ssp_caerulea_landa,Mca050628
17,M_sativa_ssp_caerulea_landa,Mca050960
27,M_sativa_ssp_caerulea_landa,Mca052316
33,M_sativa_ssp_caerulea_landa,Mca053099
43,M_lupulina,evm.TU.Chr08.4339
43,M_sativa_ssp_caerulea_landa,Mca052752
44,M_sativa_ssp_caerulea_landa,Mca052592
54,M_sativa_ssp_caerulea_landa,Mca051513
56,M_sativa_ssp_caerulea_landa,Mca052906
59,M_sativa_ssp_caerulea_landa,Mca050856
63,M_sativa_XJDY,Msa151895
63,M_sativa_ssp_caerulea_landa,Mca051482
74,M_sativa_ssp_caerulea_landa,Mca051494
76,M_sativa_ssp_caerulea_landa,Mca051067
77,M_sativa_ssp_caerulea_landa,Mca052640
79,M_sativa_ssp_caerulea_landa,Mca051740
93,M_sativa_ssp_caerulea_landa,Mca050815
102,M_sativa_ssp_caerulea_landa,Mca052118
104,M_sativa_ssp_caerulea_landa,Mca051588
112,M_sativa_ssp_caerulea_landa,Mca053307
119,M_sativa_ssp_caerulea_landa,Mca053182
133,M_sativa_ssp_caerulea_landa,Mca052648
139,M_sativa_ssp_caerulea_landa,Mca052394
150,M_sativa_ssp_caerulea_landa,Mca051613
156,M_sativa_ssp_caerulea_landa,Mca051659
160,M_lupulina,evm.TU.Chr08.2523
167,M_sativa_ssp_caerulea_landa,Mca052445
175,M_sativa_ssp_caerulea_landa,Mca051511
180,M_sativa_ssp_caerulea_landa,Mca052675
181,M_sativa_ssp_caerulea_landa,Mca050784
183,M_sativa_ssp_caerulea_landa,Mca050983
191,M_sativa_ssp_caerulea_landa,Mca052715
196,M_sativa_ssp_caerulea_landa,Mca051689
198,M_sativa_ssp_caerulea_landa,Mca052551
203,M_sativa_ssp_caerulea_landa,Mca050731
213,M_lupulina,evm.TU.Chr08.3541
213,M_sativa_ssp_caerulea_landa,Mca051742
217,M_sativa_ssp_caerulea_landa,Mca052729
230,M_sativa_ssp_caerulea_landa,Mca051210
249,M_sativa_ssp_caerulea_landa,Mca052423
253,M_sativa_ssp_caerulea_landa,Mca050756
258,M_sativa_ssp_caerulea_landa,Mca053153
274,M_sativa_ssp_caerulea_landa,Mca052291
284,M_sativa_ssp_caerulea_landa,Mca052876
308,M_sativa_ssp_caerulea_landa,Mca050894
326,M_lupulina,evm.TU.Chr08.2537
327,M_sativa_ssp_caerulea_landa,Mca051882
331,M_sativa_ssp_caerulea_landa,Mca051238
334,M_sativa_ssp_caerulea_landa,Mca053125
341,M_sativa_ssp_caerulea_landa,Mca052003
347,M_lupulina,evm.TU.Chr07.2848
347,M_sativa_ssp_caerulea_landa,Mca051776
352,M_sativa_ssp_caerulea_landa,Mca051262
364,M_lupulina,evm.TU.Chr07.3543
364,M_sativa_ssp_caerulea_landa,Mca051876
369,M_sativa_ssp_caerulea_landa,Mca051972
375,M_sativa_ssp_caerulea_landa,Mca053189
377,M_sativa_ssp_caerulea_landa,Mca051349
378,M_sativa_ssp_caerulea_landa,Mca052783
395,M_lupulina,evm.TU.Chr07.28
395,M_sativa_ssp_caerulea_landa,Mca052786
401,M_sativa_ssp_caerulea_landa,Mca051333
402,M_sativa_ssp_caerulea_landa,Mca051379
403,M_sativa_ssp_caerulea_landa,Mca050811
404,M_sativa_ssp_caerulea_landa,Mca052793
410,M_sativa_ssp_caerulea_landa,Mca051848
412,M_sativa_ssp_caerulea_landa,Mca052486
413,M_sativa_ssp_caerulea_landa,Mca051956
420,M_sativa_ssp_caerulea_landa,Mca052818
432,M_sativa_ssp_caerulea_landa,Mca053312
433,M_sativa_ssp_caerulea_landa,Mca052173
438,M_sativa_ssp_caerulea_landa,Mca050621
439,M_sativa_ssp_caerulea_landa,Mca052014
449,M_sativa_ssp_caerulea_landa,Mca051043
450,M_lupulina,evm.TU.Chr07.976
450,M_sativa_ssp_caerulea_landa,Mca051616
455,M_lupulina,evm.TU.Chr08.4041
463,M_lupulina,evm.TU.Chr08.4690
467,M_sativa_ssp_caerulea_landa,Mca051702
470,M_sativa_ssp_caerulea_landa,Mca052677
478,M_lupulina,evm.TU.Chr06.2724
478,M_sativa_ssp_caerulea_landa,Mca052533
482,M_sativa_ssp_caerulea_landa,Mca052812
484,M_sativa_ssp_caerulea_landa,Mca051703
499,M_sativa_ssp_caerulea_landa,Mca053279
502,M_ruthenica_landa,Mru002302
502,M_sativa_ssp_caerulea_landa,Mca050554
507,M_sativa_ssp_caerulea_landa,Mca052918
533,M_sativa_ssp_caerulea_landa,Mca050700
538,M_sativa_ssp_caerulea_landa,Mca052281
548,M_sativa_ssp_caerulea_landa,Mca052796
554,M_sativa_ssp_caerulea_landa,Mca051471
562,M_sativa_ssp_caerulea_landa,Mca051188
568,M_sativa_ssp_caerulea_landa,Mca053317
574,M_sativa_ssp_caerulea_landa,Mca051004
581,M_ruthenica_landa,Mru012116
581,M_sativa_ssp_caerulea_landa,Mca051193
589,M_sativa_ssp_caerulea_landa,Mca052086
590,M_sativa_ssp_caerulea_landa,Mca051965
604,M_lupulina,evm.TU.Chr07.3405
614,M_sativa_ssp_caerulea_landa,Mca052476
616,M_sativa_ssp_caerulea_landa,Mca052161
619,M_sativa_ssp_caerulea_landa,Mca053142
630,M_lupulina,evm.TU.Chr08.2486
630,M_sativa_ssp_caerulea_landa,Mca050528
633,M_sativa_ssp_caerulea_landa,Mca052048
657,M_sativa_ssp_caerulea_landa,Mca051711
659,M_sativa_ssp_caerulea_landa,Mca050972
663,M_sativa_ssp_caerulea_landa,Mca052049
684,M_sativa_ssp_caerulea_landa,Mca053058
696,M_sativa_ssp_caerulea_landa,Mca050607
715,M_ruthenica_landa,Mru014614
717,M_sativa_ssp_caerulea_landa,Mca051984
719,M_sativa_ssp_caerulea_landa,Mca053007
721,M_ruthenica_landa,Mru016622
732,M_sativa_ssp_caerulea_landa,Mca053052
739,M_sativa_ssp_caerulea_landa,Mca050538
742,M_lupulina,evm.TU.Chr08.3634
743,M_sativa_ssp_caerulea_landa,Mca053180
744,M_sativa_ssp_caerulea_landa,Mca051183
749,M_sativa_ssp_caerulea_landa,Mca052475
752,M_sativa_ssp_caerulea_landa,Mca052192
753,M_ruthenica_landa,Mru018032
753,M_sativa_ssp_caerulea_landa,Mca052563
777,M_sativa_ssp_caerulea_landa,Mca052225
781,M_sativa_ssp_caerulea_landa,Mca051547
785,M_sativa_ssp_caerulea_landa,Mca051594
787,M_lupulina,evm.TU.Chr08.3648
787,M_sativa_ssp_caerulea_landa,Mca051911
799,M_sativa_ssp_caerulea_landa,Mca051026
803,M_sativa_ssp_caerulea_landa,Mca052080
837,M_sativa_ssp_caerulea_landa,Mca052644
841,M_sativa_ssp_caerulea_landa,Mca051258
848,M_lupulina,evm.TU.Chr07.4311
848,M_sativa_ssp_caerulea_landa,Mca051884
853,M_sativa_ssp_caerulea_landa,Mca052473
866,M_sativa_ssp_caerulea_landa,Mca051595
873,M_sativa_ssp_caerulea_landa,Mca050855
933,M_sativa_ssp_caerulea_landa,Mca053231
936,M_sativa_ssp_caerulea_landa,Mca050517
944,M_lupulina,evm.TU.Chr07.3110
944,M_sativa_ssp_caerulea_landa,Mca052279
946,M_sativa_ssp_caerulea_landa,Mca051457
951,M_lupulina,evm.TU.Chr08.3399
953,M_lupulina,evm.TU.Chr07.2229
953,M_sativa_ssp_caerulea_landa,Mca052061
978,M_sativa_ssp_caerulea_landa,Mca051524
979,M_sativa_ssp_caerulea_landa,Mca051527
982,M_lupulina,evm.TU.Chr08.3979
983,M_sativa_ssp_caerulea_landa,Mca050664
986,M_sativa_ssp_caerulea_landa,Mca053136
987,M_sativa_ssp_caerulea_landa,Mca053107
988,M_sativa_ssp_caerulea_landa,Mca053296
991,M_ruthenica_landa,Mru008784
992,M_sativa_ssp_caerulea_landa,Mca052138
1010,M_sativa_ssp_caerulea_landa,Mca050849
1024,M_sativa_ssp_caerulea_landa,Mca051763
1032,M_sativa_ssp_caerulea_landa,Mca051957
1036,M_sativa_ssp_caerulea_landa,Mca050645
1048,M_sativa_ssp_caerulea_landa,Mca051374
1057,M_sativa_ssp_caerulea_landa,Mca052545
1060,M_sativa_ssp_caerulea_landa,Mca051316
1068,M_sativa_ssp_caerulea_landa,Mca050499
1076,M_sativa_ssp_caerulea_landa,Mca051019
1087,M_sativa_ssp_caerulea_landa,Mca053314
1094,M_sativa_ssp_caerulea_landa,Mca051747
1095,M_sativa_ssp_caerulea_landa,Mca052360
1105,M_sativa_ssp_caerulea_landa,Mca051940
1109,M_sativa_ssp_caerulea_landa,Mca051718
1112,M_sativa_ssp_caerulea_landa,Mca050838
1147,M_sativa_ssp_caerulea_landa,Mca050713
1184,M_sativa_ssp_caerulea_landa,Mca052047
1213,M_sativa_ssp_caerulea_landa,Mca052280
1214,M_sativa_ssp_caerulea_landa,Mca051317
1234,M_sativa_ssp_caerulea_landa,Mca050785
1318,M_ruthenica_landa,Mru001812
1319,M_sativa_ssp_caerulea_landa,Mca051392
1330,M_ruthenica_landa,Mru012062
1350,M_sativa_ssp_caerulea_landa,Mca051376
1353,M_sativa_ssp_caerulea_landa,Mca052899
1359,M_sativa_ssp_caerulea_landa,Mca052627
1372,M_sativa_ssp_caerulea_landa,Mca050648
1418,M_sativa_ssp_caerulea_landa,Mca051387
1420,M_sativa_ssp_caerulea_landa,Mca051362
1429,M_sativa_ssp_caerulea_landa,Mca050687
1439,M_ruthenica_landa,Mru007064
1439,M_sativa_ssp_caerulea_landa,Mca053198
1451,M_sativa_ssp_caerulea_landa,Mca051254
1453,M_sativa_ssp_caerulea_landa,Mca053184
1466,M_sativa_ssp_caerulea_landa,Mca052150
1479,M_sativa_ssp_caerulea_landa,Mca050641
1532,M_sativa_ssp_caerulea_landa,Mca050893
1609,M_sativa_ssp_caerulea_landa,Mca052163
1643,M_sativa_ssp_caerulea_landa,Mca051674
1644,M_sativa_ssp_caerulea_landa,Mca050950
1715,M_ruthenica_landa,Mru007472
1785,M_ruthenica_landa,Mru012484
1787,M_ruthenica_landa,Mru010017
1808,M_ruthenica_landa,Mru014774
1821,M_sativa_ssp_caerulea_landa,Mca052271
1824,M_sativa_ssp_caerulea_landa,Mca051056
1937,M_ruthenica_landa,Mru012563
1940,M_ruthenica_landa,Mru001722
1991,M_sativa_ssp_caerulea_landa,Mca052619
2000,M_arabica,Mara040109
2000,M_polymorpha,Mpoly030665
2000,M_ruthenica_landa,Mru015742
2000,M_ruthenica_zhiwusuo,Mru049838
2000,M_sativa_ssp_caerulea_landa,Mca052776
2114,M_arabica,Mara043950
2114,M_lupulina,evm.TU.Chr08.3144
2114,M_sativa_ssp_caerulea_landa,Mca051268
2115,M_arabica,Mara043960
2115,M_lupulina,evm.TU.Chr08.3155
2115,M_polymorpha,Mpoly033743
2115,M_sativa_XJDY,Msa151649
2115,M_sativa_ZM1,Msa050350
2115,M_sativa_ssp_caerulea_landa,Mca051285
2115,M_sativa_ssp_caerulea_long,Mca048397
2115,M_truncatula_HM078,Mtrun037689
2439,M_sativa_ssp_caerulea_landa,Mca051206
2463,M_sativa_ssp_caerulea_landa,Mca052605
2520,M_arabica,Mara044247
2520,M_ruthenica_zhiwusuo,Mru020262
2520,M_sativa_ssp_caerulea_landa,Mca051576
2520,M_truncatula_A17,LOC_00051657
2520,M_truncatula_HM078,Mtrun037959
2751,M_ruthenica_landa,Mru019112
3079,M_arabica,Mara016904
3079,M_lupulina,evm.TU.Chr07.2670
3079,M_polymorpha,Mpoly012827
3079,M_ruthenica_landa,Mru009286
3079,M_ruthenica_zhiwusuo,Mru054446
3079,M_sativa_ssp_caerulea_landa,Mca052417
3169,M_ruthenica_landa,Mru006339
3169,M_sativa_ssp_caerulea_landa,Mca052427
3204,M_ruthenica_landa,Mru004102
3204,M_sativa_ssp_caerulea_landa,Mca050699
3245,M_arabica,Mara044666
3245,M_lupulina,evm.TU.Chr08.3776
3245,M_polymorpha,Mpoly034369
3245,M_ruthenica_landa,Mru018225
3245,M_sativa_XJDY,Msa152533
3245,M_sativa_ZM1,Msa051107
3245,M_sativa_ZM4_hap4,zm4.84G0049080
3245,M_sativa_ssp_caerulea_landa,Mca052084
3245,M_sativa_ssp_caerulea_long,Mca049209
3245,M_truncatula_A17,LOC_00052153
3245,M_truncatula_HM078,Mtrun038369
3259,M_ruthenica_landa,Mru055499
3259,M_sativa_XJDY,Msa153474
3286,M_arabica,Mara045887
3286,M_lupulina,evm.TU.Chr08.4837
3286,M_polymorpha,Mpoly035387
3286,M_ruthenica_landa,Mru009218
3286,M_sativa_ssp_caerulea_landa,Mca053280
3438,M_ruthenica_landa,Mru015006
3510,M_arabica,Mara043340
3510,M_lupulina,evm.TU.Chr08.2584
3510,M_ruthenica_landa,Mru018676
3538,M_sativa_ssp_caerulea_landa,Mca051121
4306,M_sativa_ssp_caerulea_landa,Mca052571
4560,M_lupulina,evm.TU.Chr08.3784
4560,M_ruthenica_landa,Mru011052
4719,M_arabica,Mara040850
4719,M_polymorpha,Mpoly034287
4719,M_sativa_ssp_caerulea_landa,Mca051350
4727,M_lupulina,evm.TU.Chr08.3356
4727,M_sativa_ssp_caerulea_landa,Mca051526
4755,M_arabica,Mara045660
4755,M_lupulina,evm.TU.Chr08.4586
4755,M_polymorpha,Mpoly035171
4755,M_ruthenica_landa,Mru015594
4755,M_sativa_XJDY,Msa153399
4755,M_sativa_ZM4_hap4,zm4.84G0059040
4755,M_sativa_ssp_caerulea_landa,Mca053056
4755,M_sativa_ssp_caerulea_long,Mca050145
4755,M_truncatula_HM078,Mtrun039258
(280 rows)
