"cluster_id","cluster_type","n_genes","mean_jaccard_go","median_jaccard_go","n_genes_kog","mean_jaccard_kog","median_jaccard_kog"
2,"soft_core",94,0.0443940415212807,0,104,0.164939631565845,0
4,"core",86,0.0476814648600192,0,94,0.170952489895524,0
7,"core",96,0.0565165933133272,0,102,0.168038568562739,0
8,"soft_core",95,0.0394993916907036,0,104,0.194884241971621,0
9,"core",94,0.0644536559109286,0,97,0.129392182130584,0
14,"soft_core",95,0.0593660249781013,0,105,0.118635531135531,0
15,"core",87,0.0403528453192415,0,89,0.169688457609806,0
16,"core",80,0.0370973528118678,0,93,0.157511298114384,0
17,"core",82,0.0357521078013042,0,90,0.195280898876404,0
18,"core",94,0.0543389142128911,0,95,0.148402388951101,0
22,"soft_core",97,0.0565504134407542,0,122,0.193221334055909,0
23,"dispensable",90,0.0605309977740038,0,97,0.160660080183276,0
26,"dispensable",87,0.0428750681861354,0,91,0.0991330891330891,0
27,"core",97,0.0514639689536552,0,107,0.199218244871569,0
31,"core",98,0.0692734366997094,0,111,0.157081627081627,0
33,"core",104,0.0407143840003971,0,111,0.188042588042588,0
35,"soft_core",87,0.0532359114773205,0,99,0.171047206761492,0
40,"soft_core",79,0.0628680731830047,0,95,0.206868234415827,0
43,"core",110,0.0444669562735401,0,122,0.268346655828027,0
44,"core",106,0.0570122399790383,0,103,0.195094866425535,0
47,"core",82,0.0363388766524057,0,105,0.137478632478632,0
51,"soft_core",108,0.0594579992176762,0,120,0.140889355742297,0
54,"core",110,0.0414330483480822,0,118,0.134072142546719,0
56,"core",79,0.0667473817792092,0,94,0.135872797986731,0
57,"soft_core",72,0.0467182954562913,0,123,0.251777066950997,0
59,"core",92,0.0432755620026546,0,102,0.236268038568563,0
64,"soft_core",97,0.0967155050097036,0,112,0.227312771955629,0
67,"soft_core",107,0.101557648669796,0,119,0.204567250629065,0
68,"core",104,0.0425762301410864,0,136,0.136120188816267,0
70,"soft_core",89,0.0565382506377324,0,96,0.16,0
71,"soft_core",95,0.059028120357787,0,100,0.133299663299663,0
73,"soft_core",113,0.0864925283261626,0,124,0.213799283154122,0
74,"core",95,0.0766491011340076,0,102,0.128509027373326,0
76,"core",90,0.0554657621426011,0,100,0.156313131313131,0
77,"core",115,0.0977981919277625,0,122,0.163017657950594,0
78,"core",97,0.0698842505803571,0,121,0.199159779614325,0
79,"core",116,0.131066508727861,0,121,0.149586776859504,0
81,"soft_core",100,0.0803741055012073,0,114,0.143215339233038,0
82,"soft_core",106,0.0549026791133323,0,111,0.119000819000819,0
83,"core",80,0.0437692029684779,0,101,0.218250825082508,0
84,"core",90,0.0599480089714074,0,96,0.141703216374269,0
86,"core",14,0.108195117511888,0,15,0.226984126984127,0
89,"core",77,0.0454192851144015,0,91,0.227456247456247,0
91,"dispensable",92,0.0781101453955391,0,103,0.188369004559753,0
93,"core",109,0.0541211629177681,0,120,0.127560690943044,0
95,"core",107,0.0863523346241999,0,121,0.255773645546373,0
96,"dispensable",104,0.0624967376949464,0,109,0.138164004983577,0
97,"core",80,0.0565165315920435,0,85,0.231115779645191,0
100,"soft_core",116,0.0972595286302807,0,123,0.146063796703541,0
101,"core",110,0.0560141873424555,0,146,0.183719099354432,0
102,"core",113,0.20394416559553,0,113,0.129898862199747,0
104,"core",103,0.058555008752284,0,114,0.143010919629457,0
105,"soft_core",116,0.0507253572662411,0,120,0.142698412698413,0
110,"soft_core",121,0.105415603147373,0,141,0.255251604187774,0
111,"soft_core",150,0.280926595881954,0.142857142857143,156,0.278358147229115,0
112,"core",94,0.065867784929557,0,109,0.145050402084041,0
113,"soft_core",91,0.0507171899176094,0,100,0.268097643097643,0
115,"soft_core",140,0.113229927587743,0,149,0.150454985186529,0
117,"soft_core",112,0.0595705972409995,0,115,0.208042206966692,0
118,"soft_core",113,0.0399599159656765,0,119,0.154123344252955,0
119,"core",104,0.331199223305807,0.142857142857143,122,0.323059206069638,0
124,"core",98,0.0652181146787249,0,116,0.220032483758121,0
133,"core",109,0.0396105410934049,0,113,0.104335229667088,0
138,"core",98,0.043041784158963,0,105,0.125828100470958,0
139,"core",113,0.0444005501961184,0,114,0.152046783625731,0
140,"soft_core",115,0.05635953717187,0,130,0.123651361558338,0
150,"core",123,0.0851161027674743,0,132,0.171144652633202,0
152,"soft_core",119,0.0572436899856794,0,127,0.204745240178311,0
154,"core",95,0.0493247583726048,0,93,0.171154745208041,0
156,"core",81,0.0508531242891851,0,90,0.296167290886392,0
158,"core",99,0.0580178116564187,0,108,0.152310488058152,0
159,"dispensable",31,0.634969278033794,0.666666666666667,37,0.688688688688689,0.5
160,"core",99,0.0625249937487584,0,111,0.143237783237783,0
161,"soft_core",121,0.0510198469654665,0,124,0.152288224495148,0
164,"soft_core",80,0.0425655888706091,0,90,0.159758635039534,0
165,"core",74,0.0516984034855244,0,84,0.215720022948939,0
166,"soft_core",79,0.0450875140293988,0,109,0.170732812323026,0
167,"core",77,0.0664758281395203,0,95,0.198924972004479,0
168,"core",94,0.0616261010258303,0,112,0.175804375804376,0
169,"soft_core",105,0.0781326788698551,0,113,0.129324694479562,0
170,"core",90,0.057123079469721,0,102,0.10309972173688,0
173,"soft_core",70,0.0539727409392526,0,100,0.241925925925926,0
175,"core",83,0.0499652577580388,0,97,0.260355813287514,0
176,"core",78,0.0526862277831699,0,92,0.184806497849976,0
180,"core",97,0.0502324203381711,0,105,0.243800366300366,0
181,"core",109,0.15500770273563,0,130,0.226565295169946,0
182,"soft_core",112,0.0500751600013708,0,121,0.157449494949495,0
183,"core",70,0.0749915487295461,0,85,0.228613445378151,0
184,"soft_core",90,0.0439852846928054,0,104,0.148409882997262,0
186,"soft_core",89,0.0644442091537297,0,108,0.207416060920734,0
188,"soft_core",95,0.074283978921703,0,107,0.14811320754717,0
190,"soft_core",132,0.0547718009395372,0,147,0.192641257416208,0
191,"core",84,0.0432521203929732,0,91,0.116943426943427,0
192,"core",97,0.029096362299364,0,102,0.139770825822078,0
193,"soft_core",103,0.0510674513624175,0,119,0.215949769738404,0
195,"soft_core",84,0.0411090432082818,0,100,0.123952861952862,0
196,"core",73,0.0445471001349287,0,79,0.2134858812074,0
198,"core",103,0.0564613573279358,0,114,0.116568707905457,0
199,"core",94,0.0729128533169378,0,103,0.190065994035155,0
200,"soft_core",104,0.0443391061261347,0,117,0.121229983298949,0
201,"core",103,0.0710899244858399,0,116,0.110791033054901,0
203,"core",89,0.0451771378156848,0,104,0.136468668871581,0
205,"core",71,0.0423442811301181,0,82,0.124199538291679,0
207,"soft_core",102,0.0593968961607622,0,106,0.220455226115603,0
209,"core",125,0.203177012948239,0,137,0.259471160727065,0
212,"soft_core",95,0.04817569715176,0,120,0.132100840336134,0
213,"core",106,0.0363891256020738,0,110,0.121490130664443,0
214,"dispensable",89,0.0656098097339781,0,120,0.305718954248366,0
217,"core",92,0.0273214759912537,0,111,0.189374829374829,0
219,"core",87,0.0548188688185192,0,111,0.263772863772864,0
224,"soft_core",101,0.0446564691636218,0,106,0.127660976340222,0
225,"soft_core",105,0.0553925430999039,0,110,0.14869335557409,0
227,"core",95,0.0606665204292555,0,116,0.233333333333333,0
229,"soft_core",87,0.0521770382981597,0,101,0.110122112211221,0
230,"core",97,0.0353352230872516,0,110,0.093897096787005,0
232,"soft_core",96,0.048429496058174,0,106,0.148412698412698,0
233,"soft_core",111,0.0413929948371614,0,123,0.143313785596872,0
237,"soft_core",103,0.0392253838972754,0,116,0.148570714642679,0
238,"soft_core",92,0.0526216692860558,0,106,0.210786377444059,0
239,"soft_core",95,0.0529943121082526,0,98,0.120362578020899,0
244,"soft_core",89,0.0394485481127165,0,99,0.170641792070364,0
245,"soft_core",102,0.039338714591117,0,99,0.157905586477015,0
248,"soft_core",96,0.0741889871839928,0,105,0.164871794871795,0
249,"core",92,0.0482131349628268,0,103,0.197395139285488,0
251,"soft_core",121,0.0701287262719775,0,123,0.110646217703395,0
253,"core",81,0.0448082932233981,0,90,0.213059865644135,0
256,"core",54,0.0408630865675703,0,69,0.148643080420574,0
257,"soft_core",108,0.0608035209596433,0,112,0.11140873015873,0
258,"core",98,0.0606825385699145,0,103,0.142712101021638,0
261,"soft_core",96,0.0536244844789949,0,103,0.232311694904499,0
268,"soft_core",85,0.0317936781190096,0,93,0.193528907589216,0
271,"soft_core",107,0.0581242598447321,0,111,0.160704340704341,0
272,"core",107,0.072904963045801,0,127,0.158415614714827,0
273,"core",103,0.052036849756626,0,111,0.10972426972427,0
274,"core",69,0.06364659616338,0,76,0.20733918128655,0
277,"soft_core",126,0.0958471463907698,0,137,0.327479604980678,0
278,"core",93,0.0425953924112889,0,105,0.16967032967033,0
279,"core",89,0.0323147467732967,0,96,0.137262426900585,0
281,"dispensable",15,0.109816369652083,0,20,0.568421052631579,0.5
283,"soft_core",78,0.0413746998138743,0,93,0.171439146018389,0
284,"core",94,0.0538859991551066,0,101,0.182910891089109,0
285,"soft_core",91,0.0383244690426631,0,90,0.266575114440283,0
286,"soft_core",103,0.0838015816132409,0,120,0.277693744164332,0
287,"soft_core",96,0.0438909188600441,0,102,0.174752475247525,0
292,"soft_core",104,0.0689101737582038,0,110,0.11333055323881,0
293,"soft_core",101,0.0519094255739011,0,110,0.139324039874499,0
294,"core",87,0.0454197230872925,0,89,0.146364122768617,0
295,"core",84,0.0500562924523632,0,90,0.20123595505618,0
298,"core",95,0.0382030024295287,0,123,0.186114443111644,0
300,"soft_core",84,0.072854575074533,0,89,0.174514811031665,0
303,"core",98,0.0414315196185618,0,134,0.190235984417333,0
304,"core",90,0.0411321398988753,0,115,0.126714975845411,0
308,"core",93,0.0482542292514474,0,114,0.220379858200072,0
309,"soft_core",116,0.100853065992835,0,132,0.145065155370499,0
310,"core",72,0.0466140755470358,0,75,0.123123123123123,0
312,"core",112,0.0398249260286727,0,117,0.245281953040574,0
316,"soft_core",105,0.0422308406200562,0,107,0.167136055621332,0
318,"core",102,0.0466026576575965,0,121,0.124207988980716,0
320,"dispensable",81,0.0632116456099586,0,94,0.168420651262106,0
321,"soft_core",93,0.0325054643473042,0,96,0.160288742690058,0
322,"soft_core",104,0.060538965086559,0,112,0.117371836121836,0
324,"core",79,0.0474911176194209,0,97,0.103243127147766,0
325,"soft_core",89,0.0447215223494051,0,100,0.112319865319865,0
326,"core",122,0.0803051329940455,0,135,0.208398747005712,0
327,"core",89,0.0601888772147532,0,108,0.160865928233529,0
328,"core",85,0.0473067950247415,0,99,0.110111317254174,0
331,"core",110,0.0318062524601812,0,114,0.202370232365575,0
334,"core",90,0.0530563252053054,0,109,0.173660663721826,0
335,"core",83,0.0443577552385183,0,95,0.155393003786061,0
340,"core",78,0.0579617728245988,0,86,0.300091199270406,0
341,"core",118,0.0607597278043898,0,121,0.166646005509642,0
343,"core",102,0.0684901395125896,0,113,0.152286135693215,0
344,"core",67,0.0474748574021414,0,78,0.171384171384171,0
345,"core",111,0.0748189324502413,0,113,0.132511588706279,0
346,"soft_core",91,0.0501835984388496,0,105,0.182252747252747,0
347,"core",84,0.0387455133989896,0,99,0.141932934790078,0
348,"core",74,0.0544001032804998,0,81,0.156003086419753,0
349,"core",72,0.0372448001103692,0,79,0.162447257383966,0
350,"core",95,0.0476872494257348,0,112,0.124597812097812,0
351,"soft_core",92,0.0416907396204561,0,99,0.203092145949289,0
352,"core",126,0.120322936482407,0,140,0.298415553271668,0
357,"soft_core",109,0.0555011772881216,0,109,0.121890927624873,0
359,"core",106,0.064624803299285,0,121,0.119559228650138,0
362,"core",61,0.041177875519669,0,84,0.172547332185886,0
363,"core",103,0.0516378738222895,0,117,0.169105511346891,0
364,"core",89,0.0561868444733772,0,113,0.194226717235567,0
367,"core",108,0.0532509335264082,0,115,0.183780828883804,0
369,"core",106,0.0506075110940114,0,109,0.151472420432665,0
373,"core",171,0.224305268274344,0,220,0.270295419952954,0
375,"core",104,0.0406145226724917,0,214,0.405475114445761,0.333333333333333
376,"core",87,0.0535043573349859,0,86,0.175718194254446,0
377,"core",70,0.0451385499899501,0,94,0.221307099824602,0
378,"core",91,0.0580409177860255,0,102,0.143580534524041,0
380,"core",102,0.0507881005283908,0,136,0.138863471314452,0
382,"soft_core",53,0.104333271713522,0,56,0.176813543599258,0
383,"soft_core",88,0.0555884481742994,0,100,0.252289562289562,0
388,"core",102,0.0489767381977716,0,127,0.204532766737491,0
390,"core",62,0.0786603426056563,0,66,0.16006216006216,0
392,"soft_core",101,0.0472025211516155,0,109,0.11448635179522,0
393,"core",111,0.0481525300650085,0,113,0.12277180783818,0
394,"soft_core",85,0.0475234744493354,0,88,0.178831417624521,0
395,"core",111,0.0508568641595836,0,116,0.15535732133933,0
396,"core",115,0.0462570532257721,0,119,0.109933464911388,0
397,"core",110,0.106878477963532,0,132,0.173386537126995,0
399,"core",88,0.0467919211504061,0,109,0.173377505946313,0
401,"core",113,0.0505418493307566,0,114,0.176471044868809,0
402,"core",132,0.057220133237835,0,139,0.146612399521377,0
403,"core",83,0.0454034900068809,0,104,0.156696539706248,0
404,"core",112,0.041663099637007,0,118,0.162004442512917,0
405,"core",101,0.0388526641929293,0,108,0.0964145609784239,0
406,"core",126,0.062202301092098,0,130,0.174146292983502,0
410,"core",98,0.0726531101448491,0,106,0.151632225217131,0
412,"core",96,0.0578644868027436,0,103,0.125674217907228,0
413,"core",100,0.0419803789858614,0,107,0.104661141480045,0
415,"soft_core",108,0.0537311410875254,0,120,0.0969397759103642,0
416,"soft_core",109,0.0429454882494101,0,117,0.122656940760389,0
420,"core",86,0.0416310970703697,0,110,0.201281623575202,0
422,"core",100,0.0482661900674596,0,110,0.160519877675841,0
424,"dispensable",6,0.187301587301587,0,15,0.371428571428571,0.333333333333333
425,"soft_core",85,0.0650005502772116,0,102,0.189749563191613,0
426,"dispensable",108,0.044605367868172,0,112,0.240001608751609,0
427,"dispensable",101,0.0379246243791977,0,109,0.137994110318269,0
428,"soft_core",106,0.0411429338663413,0,117,0.1147632380391,0
429,"dispensable",16,0.369421277198597,0.0050251256281407,24,0.266908212560386,0
431,"dispensable",103,0.0526820711977686,0,116,0.130659670164918,0
432,"core",94,0.0365762800108928,0,120,0.192553688141923,0
433,"core",103,0.0664234416368947,0,124,0.182625229478101,0
438,"core",113,0.0585764754460295,0,118,0.149862378675938,0
439,"core",100,0.0495447106675989,0,102,0.142981945253349,0
440,"core",108,0.0359278763742368,0,122,0.189911032832046,0
442,"dispensable",109,0.0496478083375921,0,113,0.287110198061525,0
443,"soft_core",101,0.0722710312238429,0,119,0.197464748611309,0
444,"core",92,0.0657988131169788,0,113,0.139538558786346,0
445,"soft_core",101,0.0448088955092686,0,106,0.153788559448937,0
447,"soft_core",109,0.0473813100335674,0,117,0.129776991845957,0
448,"dispensable",108,0.052975520157026,0,109,0.132837807226186,0
449,"core",84,0.0472297091657941,0,97,0.159020618556701,0
450,"core",92,0.0506501743421014,0,96,0.10952850877193,0
451,"dispensable",24,0.217180770777805,0,24,0.286835748792271,0
452,"soft_core",79,0.0579723966838016,0,86,0.124304605563155,0
455,"core",117,0.0446508620608336,0,122,0.211111863794427,0
456,"core",107,0.0434243443589372,0,101,0.167838283828383,0
457,"soft_core",92,0.0381519747269593,0,102,0.188397075001618,0
458,"core",94,0.0664388103834723,0,100,0.107255892255892,0
459,"soft_core",90,0.0447367078631442,0,108,0.13891773393331,0
461,"core",94,0.0386080993892814,0,104,0.20487926313169,0
462,"core",115,0.0326532418714104,0,180,0.15892509828264,0
463,"core",97,0.0421372249896098,0,113,0.170998133766781,0
464,"dispensable",57,0.0952251765174298,0,75,0.151591591591592,0
465,"core",99,0.0586175968311509,0,103,0.165971825623453,0
467,"core",102,0.052831983028912,0,111,0.144280644280644,0
468,"core",124,0.0443718574671304,0,140,0.203734155532717,0
469,"core",81,0.0362926241737268,0,97,0.141770475372279,0
470,"core",114,0.0653204697092148,0,140,0.135863309352518,0
473,"soft_core",76,0.0455397506975532,0,93,0.145356085398161,0
474,"core",119,0.0536768031260904,0,119,0.120968048236244,0
475,"core",100,0.0336983094737886,0,102,0.15851152342125,0
477,"soft_core",75,0.0410944115826475,0,84,0.108132530120482,0
478,"core",106,0.0454184994000508,0,124,0.166572689920448,0
481,"core",90,0.0430400596056431,0,109,0.146814475025484,0
482,"core",77,0.0575203862714391,0,93,0.135935795543089,0
483,"soft_core",102,0.0584449243731676,0,115,0.202635574443355,0
484,"core",106,0.0570959730902363,0,119,0.207247305701942,0
485,"core",94,0.0487160281639066,0,97,0.125268470790378,0
486,"core",99,0.0342737787155717,0,108,0.236817814699435,0
491,"core",112,0.0486079069934106,0,135,0.178619863644739,0
499,"core",70,0.0413907421296241,0,90,0.310008322929671,0
500,"core",94,0.0560652987718211,0,96,0.108271198830409,0
501,"soft_core",103,0.0544915499542796,0,112,0.14229407979408,0
502,"core",104,0.0488236560805957,0,116,0.206666666666667,0
504,"soft_core",105,0.0428019629268762,0,117,0.197718341683859,0
506,"soft_core",80,0.0423450853289127,0,93,0.103650459716378,0
507,"core",145,0.194500551438205,0,156,0.20947752963882,0
509,"soft_core",74,0.0624631418499781,0,133,0.149677223361434,0
513,"soft_core",110,0.0487895978567798,0,130,0.119409660107335,0
514,"soft_core",92,0.0581229330269043,0,102,0.147495631916133,0
515,"core",84,0.0409304866935681,0,103,0.141398565898851,0
518,"core",70,0.0736895395112807,0,85,0.18891223155929,0
519,"core",90,0.0522617958945019,0,103,0.166679357827273,0
520,"soft_core",109,0.107408919179589,0,110,0.163110131458755,0
521,"core",83,0.0423466877726005,0,101,0.124168316831683,0
522,"core",63,0.0502666187668673,0,70,0.1351966873706,0
525,"soft_core",105,0.0406802961996889,0,130,0.185827867223216,0
527,"core",62,0.0577521208581046,0,79,0.336011035378124,0
533,"core",87,0.0617226980306469,0,101,0.326171617161716,0
535,"soft_core",240,0.239380150349373,0,273,0.374868473030238,0
537,"soft_core",75,0.0565871980334612,0,101,0.307887788778878,0
538,"core",96,0.062437524525062,0,98,0.202861350725857,0
541,"soft_core",106,0.0399624805450996,0,111,0.122536172536173,0
543,"dispensable",119,0.0848789477958389,0,126,0.102215873015873,0
547,"soft_core",105,0.0497105416674748,0,118,0.114561301849437,0
548,"core",100,0.0699391532736388,0,105,0.130436507936508,0
550,"core",68,0.0377386613344579,0,108,0.171815507095881,0
554,"core",179,0.087923014190837,0,204,0.158045977011494,0
555,"core",88,0.0637239739046738,0,96,0.142437865497076,0
557,"core",121,0.0519661923218488,0,129,0.183391876614987,0
558,"core",106,0.0385799811506249,0,125,0.112161290322581,0
560,"core",94,0.0609958414642909,0,105,0.144505494505494,0
562,"core",97,0.0521892643042233,0,102,0.160023943570828,0
564,"soft_core",117,0.0384974413276877,0,122,0.194181005283837,0
568,"core",100,0.0413381943804319,0,103,0.131340821118091,0
570,"soft_core",102,0.060401167286714,0,110,0.175999443981095,0
572,"core",187,0.0654670657398118,0,226,0.175510324483776,0
573,"core",104,0.046280657458938,0,117,0.235079575596817,0
574,"core",94,0.0468971368234828,0,102,0.161101404258073,0
578,"core",83,0.0678585224328831,0,101,0.15973597359736,0
581,"core",101,0.0652298054256732,0,106,0.223596885294998,0
582,"core",85,0.0433753391116566,0,101,0.136095709570957,0
583,"core",100,0.0714896170177362,0,109,0.249136368784687,0
584,"core",112,0.0748471562321944,0,138,0.119970732395359,0
585,"core",71,0.040933176435503,0,87,0.254352668626927,0
589,"core",88,0.103292597170047,0,117,0.221681894095687,0
590,"core",107,0.103265018693393,0,124,0.254932686423638,0
591,"core",84,0.149832991774592,0,107,0.190486686651384,0
593,"core",117,0.068463860237398,0,134,0.19993266748962,0
595,"core",91,0.0886905632541188,0,108,0.116908965039806,0
598,"soft_core",89,0.0471114548894285,0,104,0.150734378889719,0
604,"core",124,0.0684704307076146,0,152,0.188852097130243,0
605,"core",100,0.0937328340813114,0,133,0.250235437077542,0
608,"core",68,0.0854615799044365,0,87,0.219682794261784,0
610,"core",95,0.0636382005274867,0,114,0.263416653728717,0
611,"core",89,0.0481965461149,0,145,0.277458492975734,0
613,"soft_core",89,0.0541309793452448,0,94,0.137260733623122,0
614,"core",120,0.0565848672997751,0,135,0.230480928689884,0
615,"soft_core",81,0.0404908449769263,0,94,0.18406924426142,0
616,"core",87,0.0633652727979336,0,102,0.150067947971268,0
619,"core",114,0.0487912967317131,0,122,0.172338888136206,0
620,"core",90,0.0527022773889273,0,113,0.150479351032448,0
621,"soft_core",101,0.0541719890472975,0,107,0.137953329806618,0
622,"soft_core",90,0.0650243735304976,0,101,0.125481848184818,0
625,"soft_core",85,0.0680554568547462,0,101,0.126831683168317,0
627,"soft_core",96,0.0579296612636684,0,118,0.256499589550437,0
628,"core",114,0.0650669210379979,0,126,0.188150264550265,0
629,"soft_core",108,0.0548002474240898,0,116,0.179015492253873,0
630,"core",99,0.0578634739703716,0,104,0.147759522031367,0
633,"core",85,0.0638207405028112,0,91,0.3002849002849,0
636,"core",115,0.0611528597963866,0,113,0.329935735356089,0
638,"core",55,0.0584228541681719,0,66,0.129114219114219,0
639,"soft_core",100,0.051581261460117,0,113,0.213856405394016,0
643,"soft_core",113,0.0588122095194251,0,119,0.12367658927978,0
644,"soft_core",101,0.0514472217681641,0,113,0.145648967551622,0
650,"soft_core",93,0.0624787508612096,0,102,0.111952371707759,0
651,"dispensable",91,0.0863855702203743,0,91,0.159226699226699,0
657,"core",101,0.0562994508823399,0,110,0.155421184320267,0
659,"core",143,0.0493465498319117,0,151,0.234351729212656,0
662,"core",81,0.0430295862080917,0,105,0.178479853479853,0
663,"core",118,0.080012231373193,0,126,0.212622222222222,0
665,"soft_core",103,0.0600344869546487,0,121,0.133856749311295,0
666,"core",102,0.0452696676499934,0,106,0.0927073974243786,0
669,"core",92,0.0881983370740851,0,112,0.227734877734878,0
670,"soft_core",108,0.0332487781995181,0,121,0.191402662993572,0
678,"soft_core",102,0.0423610898655126,0,115,0.150203407068396,0
682,"soft_core",114,0.038395685182768,0,120,0.132140522875817,0
684,"core",66,0.0687856944521905,0,67,0.171641791044776,0
687,"soft_core",79,0.053137184277733,0,88,0.140256008359457,0
688,"soft_core",89,0.0568040714400112,0,98,0.210884353741497,0
690,"soft_core",106,0.0326406272053805,0,124,0.221782935571291,0
696,"core",89,0.0593390902658442,0,91,0.121029711029711,0
697,"soft_core",107,0.0555634198900157,0,114,0.230334316617502,0
699,"core",82,0.0401978521144601,0,94,0.121901929383055,0
702,"soft_core",107,0.0563404874508834,0,113,0.1411899494311,0
703,"soft_core",89,0.0389958639361444,0,109,0.104909955827387,0
705,"soft_core",116,0.0624067018239393,0,117,0.155518715001474,0
711,"dispensable",10,0.217037037037037,0,11,0.363636363636364,0
714,"soft_core",98,0.0541677506286213,0,101,0.172795379537954,0
715,"core",77,0.0564773684143531,0,99,0.202088916374631,0
716,"soft_core",93,0.0824832124281364,0,106,0.242647499251273,0
717,"core",124,0.0510465404606145,0,131,0.117598355842631,0
718,"core",101,0.0702054924371686,0,119,0.157100128186868,0
719,"core",92,0.0433039536951795,0,112,0.139529708279708,0
720,"soft_core",80,0.0472061114120285,0,88,0.104667363288053,0
721,"core",145,0.0539383086761875,0,177,0.195621468926554,0
723,"core",110,0.041812153407033,0,122,0.147394210359933,0
730,"soft_core",100,0.0459774476147552,0,106,0.172970949386044,0
732,"core",115,0.0602006801033841,0,123,0.123918686493657,0
733,"soft_core",105,0.042736279446821,0,111,0.143726453726454,0
735,"soft_core",106,0.0395172874022773,0,118,0.149676469167995,0
739,"core",109,0.055192748162547,0,115,0.144129163488431,0
740,"core",115,0.062206594968029,0,120,0.110653594771242,0
741,"soft_core",95,0.0485487327651697,0,106,0.120910452231207,0
742,"core",107,0.0423095205459768,0,121,0.160135445362718,0
743,"core",105,0.0689190557801485,0,117,0.109504862953139,0
744,"core",108,0.0562997299825527,0,117,0.158505255919049,0
747,"soft_core",92,0.0528322949261723,0,101,0.176336633663366,0
749,"core",106,0.0501758466403875,0,112,0.109443371943372,0
752,"core",96,0.0781097840801164,0,92,0.149080267558528,0
753,"core",94,0.0628444583801395,0,125,0.152172043010753,0
758,"soft_core",89,0.030725243237622,0,92,0.136579983163834,0
759,"core",100,0.0524081163387938,0,114,0.205987683071987,0
761,"core",79,0.0464091616411692,0,128,0.344970062335958,0
762,"soft_core",106,0.0416278918569881,0,131,0.208348013309845,0
768,"core",107,0.0585849900409907,0,117,0.134418901660281,0
772,"soft_core",85,0.0480444329449526,0,96,0.0833333333333333,0
773,"core",90,0.0684411227435329,0,110,0.131253822629969,0
775,"core",152,0.0971914913079159,0,217,0.184337486488024,0
777,"core",107,0.0452536506332631,0,107,0.119179451008053,0
781,"core",101,0.0742128035649956,0,106,0.13601677148847,0
783,"core",99,0.0448084149514913,0,109,0.200985389058784,0
785,"core",120,0.056237528907127,0,123,0.122142254209427,0
787,"core",96,0.0485292200380089,0,107,0.142308822665021,0
789,"core",87,0.0448211539759605,0,109,0.137727942009288,0
794,"core",136,0.0985338933077706,0,227,0.19027848167063,0
796,"soft_core",100,0.0444440322906003,0,109,0.197981085060596,0
797,"core",67,0.0622255680779822,0,88,0.338967258794845,0
799,"core",73,0.0378178663645184,0,71,0.211971830985915,0
802,"soft_core",104,0.0476023608404408,0,119,0.146275459336277,0
803,"core",101,0.0481609303260813,0,113,0.318731563421829,0
806,"core",108,0.0485120224576623,0,109,0.126288367878582,0
809,"core",122,0.164304943446979,0,142,0.240269037392202,0
810,"core",110,0.0823457248833179,0,100,0.163670033670034,0
811,"core",73,0.0503069953966408,0,84,0.0914849875693249,0
813,"core",71,0.040326641860889,0,86,0.139507523939808,0
820,"soft_core",89,0.0625302964929769,0,103,0.172187321530554,0
822,"soft_core",99,0.0488315017114982,0,113,0.186137950755523,0
823,"core",74,0.0390107256951898,0,96,0.255975877192982,0
824,"soft_core",104,0.0419665237687015,0,114,0.124015422035916,0
827,"soft_core",88,0.0880532912591966,0,101,0.218366336633663,0
829,"soft_core",139,0.0515353502037734,0,144,0.188723776223776,0
832,"core",111,0.0553717444871383,0,115,0.110696669209255,0
837,"core",105,0.0460386788534923,0,108,0.172874120226145,0
841,"core",106,0.0391352536921421,0,120,0.178298319327731,0
844,"soft_core",112,0.0398484566485413,0,119,0.16664767601956,0
845,"soft_core",119,0.0516017023631635,0,120,0.198891223155929,0
846,"core",130,0.0532854052038161,0,135,0.172397272894785,0
847,"soft_core",89,0.0585892741811857,0,100,0.210976430976431,0
848,"core",96,0.03794620146069,0,112,0.143953775203775,0
849,"core",115,0.0999928936594681,0,124,0.1834229390681,0
852,"core",97,0.0465728439672615,0,133,0.117023619655199,0
853,"core",72,0.0627902233217237,0,79,0.15154711673699,0
854,"soft_core",119,0.0762325112878471,0,150,0.214575689783743,0
857,"core",82,0.0323428879149662,0,85,0.126129785247432,0
860,"soft_core",104,0.0425147707952009,0,113,0.14860408765276,0
866,"core",107,0.0533112013570567,0,121,0.202605601469238,0
867,"core",76,0.0594744576813658,0,85,0.113179271708683,0
868,"soft_core",127,0.0666763425398275,0,130,0.114718743788511,0
870,"core",76,0.0664901654306859,0,93,0.131845098955898,0
873,"core",99,0.0516985370875093,0,122,0.131847536467507,0
875,"core",111,0.0420349729529404,0,124,0.129458431681091,0
877,"core",92,0.0520968069251042,0,96,0.124415204678363,0
878,"core",116,0.0733163909695459,0,128,0.133275918635171,0
880,"core",105,0.0426824839254652,0,118,0.161610893814284,0
882,"core",105,0.0381295712319512,0,105,0.146651404151404,0
883,"core",81,0.0450876029008314,0,98,0.238151343011431,0
884,"core",92,0.070990827949134,0,100,0.142885521885522,0
885,"soft_core",81,0.0562059763503748,0,87,0.119794172681101,0
887,"core",90,0.0360566822253542,0,105,0.202118437118437,0
890,"soft_core",97,0.0330574346613611,0,121,0.169481175390266,0
891,"soft_core",111,0.116712050360167,0,114,0.137504528282358,0
893,"core",61,0.03289160865134,0,76,0.187204678362573,0
894,"dispensable",116,0.0533264216564198,0,128,0.184748195538058,0
896,"soft_core",84,0.0428467745624537,0,135,0.268888888888889,0
899,"core",114,0.0675469852082851,0,119,0.126280681764231,0
901,"core",95,0.03733770753697,0,96,0.138852339181287,0
902,"soft_core",83,0.0436508294650261,0,100,0.159414141414141,0
903,"core",80,0.0429295906701039,0,93,0.235487766869254,0
904,"core",91,0.155603043297954,0,119,0.185315482125053,0
905,"core",96,0.0445922308870498,0,99,0.140946883804027,0
906,"dispensable",115,0.0424525574850174,0,118,0.130917889392466,0
907,"dispensable",97,0.0511325297327287,0,104,0.230426935524023,0
910,"soft_core",114,0.0888284963161896,0,119,0.155668708161231,0
911,"soft_core",111,0.0515821288318815,0,106,0.134058101227913,0
912,"core",96,0.0406664075451993,0,103,0.11065105653912,0
913,"core",92,0.0589373561030692,0,97,0.170382302405498,0
915,"soft_core",98,0.0461754985747883,0,105,0.164426129426129,0
916,"core",81,0.0571708001802394,0,94,0.15619995424388,0
917,"core",186,0.133733711324092,0,235,0.258633690974117,0
918,"core",122,0.07899582219468,0,134,0.15606366662926,0
920,"core",118,0.0392010299736926,0,130,0.13661697475651,0
921,"core",102,0.0451314853510026,0,119,0.171794141385368,0
922,"dispensable",116,0.0473299347718535,0,118,0.189731517697619,0
923,"soft_core",105,0.0431036416985366,0,132,0.18140483350407,0
924,"dispensable",100,0.0487558407968376,0,107,0.125113148768589,0
928,"soft_core",106,0.032661844963097,0,112,0.134000965250965,0
930,"core",56,0.252895207999066,0,66,0.201515151515152,0
932,"core",95,0.0402229031321903,0,115,0.215507246376812,0
933,"core",111,0.0532330410203641,0,116,0.124129363889484,0
934,"core",83,0.0403121856211737,0,96,0.151158625730994,0
935,"core",81,0.0381557633979723,0,99,0.185631828488971,0
936,"core",89,0.0462325510369819,0,99,0.145193430907717,0
937,"soft_core",195,0.114836095432632,0,247,0.198368497855019,0
938,"core",73,0.0609083431143597,0,100,0.141902356902357,0
940,"core",91,0.0537477985375788,0,99,0.129316979316979,0
941,"core",72,0.0526957051027342,0,78,0.175213675213675,0
944,"core",83,0.0365907585194977,0,101,0.128795379537954,0
945,"soft_core",91,0.0708318094583406,0,106,0.180952380952381,0
946,"core",118,0.0551632469578887,0,125,0.120013517665131,0
949,"core",100,0.0452265539120254,0,107,0.131014518309528,0
951,"core",103,0.0365757995942532,0,117,0.17824196875921,0
953,"core",130,0.0471430922878981,0,136,0.14427559912854,0
956,"core",89,0.0569873488012807,0,99,0.160795025080739,0
957,"core",71,0.0462365360657481,0,76,0.137719298245614,0
963,"soft_core",207,0.268194943965724,0,281,0.466506524317912,0.5
964,"core",52,0.0724123828501107,0,67,0.191994572591588,0
965,"core",65,0.0568958063774688,0,88,0.21805990943922,0
967,"dispensable",93,0.0434358010896739,0,107,0.251123090745732,0
968,"core",100,0.0526309034116256,0,107,0.211338388291307,0
969,"soft_core",83,0.0404416260085989,0,89,0.108363125638407,0
971,"core",125,0.0755441461917108,0,131,0.173587786259542,0
978,"core",86,0.0553510574038352,0,97,0.16604381443299,0
979,"core",103,0.0625649329140732,0,113,0.158512431521281,0
982,"core",124,0.0440732622952156,0,128,0.106606205474316,0
983,"core",112,0.0713651912662894,0,117,0.108235091855782,0
984,"core",96,0.0374178561504774,0,128,0.153492043963255,0
986,"core",97,0.0653769963930777,0,121,0.191666666666667,0
987,"core",126,0.0509188650197215,0,129,0.121188630490956,0
988,"core",90,0.0667052704507131,0,103,0.160971508344438,0
989,"core",60,0.0456049822690329,0,76,0.286900584795322,0
991,"core",75,0.0494154439281832,0,86,0.133023255813953,0
992,"core",106,0.0626737737090001,0,112,0.20278314028314,0
1002,"core",211,0.120211344473922,0,262,0.170420091057101,0
1003,"core",96,0.0485880032617093,0,157,0.427532799825793,0.5
1004,"dispensable",96,0.0645972689305091,0,116,0.252658670664668,0
1005,"core",96,0.0399851100409885,0,101,0.151580858085809,0
1010,"core",97,0.049570734919153,0,92,0.172380156075808,0
1011,"core",68,0.0462202442462268,0,86,0.197948016415869,0
1012,"core",91,0.0337191797451725,0,111,0.113360633360633,0
1021,"core",93,0.0452148551065613,0,109,0.142683203080757,0
1024,"core",99,0.0677344252333721,0,119,0.223367991264302,0
1026,"core",98,0.104570419976632,0,110,0.221703006473649,0
1029,"core",120,0.0625046845973687,0,133,0.227779676463887,0
1030,"core",98,0.0619754300963752,0,113,0.14998419721871,0
1032,"core",105,0.0511163990752887,0,118,0.193539040996668,0
1036,"core",98,0.045695159329892,0,108,0.179820006922811,0
1040,"soft_core",63,0.0610291675789163,0,100,0.337626262626263,0
1045,"core",146,0.103996897368802,0,195,0.304295532646048,0
1047,"core",92,0.0522045519417802,0,109,0.121871106580587,0
1048,"core",80,0.0620899235594636,0,91,0.189283679283679,0
1057,"core",112,0.123258592378542,0,133,0.194106478317005,0
1059,"core",138,0.203981705568177,0,143,0.311670723642555,0
1060,"core",111,0.0403534634757021,0,118,0.171193683905548,0
1061,"dispensable",21,0.27675944239359,0.142857142857143,20,0.32280701754386,0.291666666666667
1068,"core",90,0.0475638750293673,0,112,0.191937473187473,0
1076,"core",97,0.0391956052524167,0,114,0.186254722351602,0
1077,"dispensable",12,0.0763888888888889,0,13,0.341880341880342,0.333333333333333
1087,"core",88,0.0678388577860642,0,93,0.130902290790089,0
1091,"soft_core",92,0.050087026955892,0,102,0.140668478612567,0
1092,"core",90,0.0374247987780686,0,97,0.182202176403207,0
1093,"soft_core",96,0.0661824706606565,0,103,0.129960657402119,0
1094,"core",83,0.0595301135279713,0,127,0.194915218930967,0
1095,"core",114,0.0459893202512964,0,120,0.110420168067227,0
1097,"core",90,0.0459899177661591,0,106,0.207819706498952,0
1098,"core",102,0.0396324057920116,0,118,0.198573084166305,0
1100,"core",76,0.0646865720721022,0,79,0.150405712431029,0
1103,"core",163,0.0520675533852051,0,246,0.167723024169017,0
1105,"core",127,0.0520680230452993,0,136,0.14287037037037,0
1109,"core",83,0.052324883449018,0,100,0.189919191919192,0
1111,"core",81,0.127460381529887,0,96,0.215040204678363,0
1112,"core",97,0.0544445305133873,0,113,0.163743152128108,0
1115,"soft_core",86,0.0552852239148756,0,97,0.146978808705613,0
1117,"core",73,0.0330146545239291,0,84,0.0929479824058137,0
1121,"core",115,0.0726728847041507,0,139,0.296013623883502,0
1124,"core",126,0.0617060267310122,0,139,0.14686511660237,0
1125,"core",126,0.0617137831646729,0,173,0.154510014786934,0
1130,"core",65,0.0697772331007759,0,82,0.227090233865302,0
1133,"soft_core",104,0.031643873960657,0,121,0.216230486685032,0
1138,"core",144,0.0769351818829061,0,207,0.191612338383128,0
1139,"core",99,0.0848536181051051,0,134,0.219129914338084,0
1145,"core",108,0.0517747609684076,0,111,0.101619281619282,0
1147,"core",96,0.0879754928145474,0,105,0.178677830106402,0
1164,"core",66,0.053538204595738,0,71,0.202951039570758,0
1170,"dispensable",149,0.138931557290937,0,163,0.165854982453483,0
1171,"core",44,0.0433864152544997,0,56,0.203463203463203,0
1175,"dispensable",20,0.102744360902256,0,23,0.36034255599473,0
1179,"core",111,0.0680178738302303,0,114,0.171787507115872,0
1180,"core",78,0.051082511496904,0,83,0.350220393770203,0
1182,"core",83,0.0643753913818628,0,105,0.165595238095238,0
1183,"core",113,0.119119541619546,0,152,0.202086964098989,0
1184,"core",90,0.0470844056037064,0,102,0.119533423930628,0
1186,"core",61,0.0399836582183793,0,68,0.185762364647351,0
1187,"core",69,0.0507625576125072,0,82,0.139591488507478,0
1188,"core",99,0.053469983761854,0,108,0.111962039921541,0
1189,"core",102,0.0659683952816747,0,116,0.178910544727636,0
1194,"soft_core",92,0.0568290668127024,0,95,0.128096304591265,0
1210,"soft_core",114,0.0577309241046517,0,132,0.242310509676922,0
1212,"soft_core",94,0.0478477888906237,0,106,0.121120095837077,0
1213,"core",78,0.0474941934499076,0,91,0.171387871387871,0
1214,"core",85,0.0632649985505345,0,109,0.326905651829199,0
1219,"core",56,0.0537213163896461,0,64,0.255042989417989,0
1220,"core",84,0.0591300145723125,0,89,0.121092951991828,0
1222,"core",101,0.0718638075567427,0,137,0.118559467582653,0
1226,"soft_core",114,0.0354098403702304,0,134,0.112372348782404,0
1227,"soft_core",104,0.0432048122909349,0,108,0.191594554055613,0
1230,"dispensable",106,0.0503863400938974,0,113,0.238790560471976,0
1231,"soft_core",80,0.0544654754646947,0,93,0.145492441951067,0
1233,"soft_core",42,0.0524091744472673,0,72,0.123891497130934,0
1234,"core",92,0.0858391900139127,0,103,0.150993083317469,0
1238,"soft_core",100,0.0673937402530975,0,103,0.153436131734247,0
1244,"soft_core",81,0.0393978635269534,0,84,0.113716771849302,0
1245,"soft_core",79,0.0453182803020311,0,101,0.220627062706271,0
1246,"soft_core",98,0.0538699010070062,0,116,0.133120939530235,0
1247,"soft_core",99,0.0510867474603776,0,112,0.128053946803947,0
1248,"core",147,0.197042569793999,0,172,0.231742146062831,0
1250,"soft_core",88,0.0518519690283079,0,95,0.233370660694289,0
1259,"soft_core",106,0.0448660011883843,0,109,0.118252350209537,0
1264,"core",103,0.0569949517057598,0,109,0.121378412051195,0
1265,"core",97,0.0538106143094875,0,97,0.141054553264605,0
1272,"core",80,0.0606197297863699,0,85,0.115896358543417,0
1276,"core",89,0.0423571096147157,0,95,0.14675625233296,0
1277,"core",85,0.0636751409049645,0,99,0.137926887926888,0
1278,"core",65,0.0706449589877501,0,90,0.199146899708697,0
1283,"soft_core",104,0.0539849918504424,0,125,0.229445161290323,0
1291,"core",115,0.0872691169022865,0,134,0.174230351999401,0
1303,"core",89,0.0491792279386979,0,112,0.162081724581725,0
1305,"core",147,0.0829858198549648,0,183,0.139241177765768,0
1311,"core",113,0.0595342823237058,0,121,0.217435720844812,0
1312,"core",88,0.0874730493923789,0,108,0.187120687665859,0
1317,"core",81,0.0637561488979718,0,106,0.192794249775382,0
1318,"core",109,0.04154277617666,0,173,0.22204821436573,0
1319,"core",95,0.0451683823807498,0,97,0.115481815578465,0
1323,"soft_core",96,0.0599369908097398,0,107,0.121230823487921,0
1324,"core",58,0.0552639862532754,0,68,0.170105355575066,0
1325,"soft_core",86,0.0373711097564716,0,94,0.158056890109052,0
1330,"core",158,0.0559186335045,0,184,0.157287954383464,0
1334,"core",70,0.0318769897370394,0,79,0.133555122795629,0
1337,"soft_core",95,0.0451778484631292,0,110,0.172143452877398,0
1342,"core",100,0.0452555376657626,0,107,0.156488735504782,0
1348,"core",83,0.0419567951108006,0,121,0.207920110192837,0
1350,"core",96,0.0663822409046365,0,98,0.0944876919840101,0
1352,"core",110,0.0467723381375145,0,136,0.098378721859114,0
1353,"core",128,0.0982768495484221,0,173,0.246280862123045,0
1356,"core",104,0.0449525367524579,0,114,0.114555193292967,0
1357,"core",81,0.0529514683377458,0,90,0.174615064502705,0
1358,"core",94,0.0653130728052059,0,99,0.196413110698825,0
1359,"core",54,0.0584640649264177,0,72,0.197248304642671,0
1360,"core",75,0.0406325059671102,0,92,0.275914044547585,0
1362,"soft_core",95,0.0395643228592036,0,101,0.234752475247525,0
1363,"core",87,0.0535725117250457,0,94,0.180240982231373,0
1364,"soft_core",83,0.0376335758698305,0,106,0.215887990416292,0
1366,"core",93,0.0629335022451855,0,102,0.20597618585388,0
1367,"soft_core",105,0.0366315385580424,0,111,0.123715533715534,0
1368,"soft_core",89,0.102359980292978,0,95,0.255039193729003,0
1369,"soft_core",128,0.0589998221922301,0,177,0.193436483478856,0
1371,"core",81,0.0431925512978369,0,85,0.15905695611578,0
1372,"core",110,0.0515381927705794,0,127,0.12846102570512,0
1381,"soft_core",102,0.038789711876797,0,110,0.106922435362802,0
1383,"core",90,0.0447221889449584,0,106,0.175333932315064,0
1385,"soft_core",108,0.0612096958692841,0,143,0.182655372796218,0
1386,"core",109,0.0581484734167166,0,116,0.0990504747626187,0
1388,"core",141,0.18049725988774,0,162,0.152727295964011,0
1392,"core",85,0.0909931140457264,0,105,0.189010989010989,0
1397,"core",60,0.042979682361035,0,68,0.166154521510097,0
1399,"core",99,0.0488983882482004,0,115,0.135491990846682,0
1400,"core",70,0.0567341592398611,0,76,0.187485380116959,0
1401,"core",105,0.0722172916136598,0,115,0.158954996186117,0
1406,"soft_core",115,0.0678134713619643,0,121,0.323014233241506,0
1411,"soft_core",113,0.0445076572736967,0,131,0.18639068310824,0
1418,"core",58,0.0497659364782146,0,65,0.206330128205128,0
1419,"dispensable",14,0.309402076620122,0.111111111111111,15,0.292063492063492,0.333333333333333
1420,"core",104,0.0730465958288437,0,112,0.184714178464178,0
1426,"core",204,0.113196094155007,0,256,0.236287785947712,0
1429,"core",88,0.113319471753863,0,102,0.14834336374814,0
1430,"core",79,0.0457640399117471,0,102,0.178250177958972,0
1432,"core",136,0.123061264893404,0,184,0.218821770808585,0
1439,"core",102,0.0546597061747571,0,105,0.123311965811966,0
1440,"core",63,0.0483967619208742,0,71,0.200268276324614,0
1445,"soft_core",87,0.0413281754896042,0,121,0.143686868686869,0
1448,"soft_core",113,0.0856944757212154,0,134,0.289026671155501,0
1451,"core",172,0.133803012281634,0,193,0.226998776626367,0
1453,"core",104,0.089336705134576,0,120,0.132474323062558,0
1454,"soft_core",98,0.0814563178258697,0,114,0.109737100864255,0
1466,"core",85,0.0502660165282413,0,91,0.249214489214489,0
1467,"core",104,0.0669299875821551,0,118,0.132889082041624,0
1469,"soft_core",170,0.205327944321933,0,190,0.22681664478657,0
1472,"core",130,0.149438452330818,0,153,0.144820384294069,0
1474,"core",95,0.0539776656355423,0,97,0.157860824742268,0
1479,"core",104,0.0962694520339303,0,114,0.192229467473995,0
1481,"core",88,0.0402947487770681,0,94,0.167028902615725,0
1498,"core",81,0.0790575840697247,0,111,0.201173901173901,0
1507,"core",100,0.107963630163457,0,114,0.242113025927651,0
1510,"core",62,0.0401868344201354,0,74,0.22700851536468,0
1511,"core",107,0.0530380852303084,0,114,0.100279459711225,0
1520,"core",82,0.082166611576768,0,90,0.245126924677486,0
1524,"core",101,0.0467144543977066,0,117,0.158267020335986,0
1526,"core",86,0.0522901911200757,0,96,0.174269005847953,0
1528,"core",135,0.113009274895218,0,149,0.24015508797388,0
1531,"soft_core",79,0.0864114542362378,0,90,0.26759467332501,0
1532,"core",106,0.0370988613815379,0,118,0.182118885508716,0
1539,"core",91,0.0440302895976481,0,107,0.147438933252723,0
1544,"core",100,0.0469608330422645,0,105,0.1448778998779,0
1548,"core",92,0.0690713917350912,0,101,0.213184818481848,0
1553,"core",92,0.0505330556543815,0,101,0.193729372937294,0
1557,"core",94,0.0637702663653409,0,102,0.264058758817058,0
1559,"core",92,0.0475934789320839,0,99,0.121129663986807,0
1563,"core",120,0.092204272741336,0,120,0.167205882352941,0
1567,"core",133,0.0723319748655037,0,175,0.16434912815701,0
1569,"core",95,0.0553239128863965,0,105,0.122188644688645,0
1570,"core",60,0.0546074638935126,0,77,0.188562314878104,0
1579,"core",109,0.0612763069858072,0,113,0.121628739991572,0
1580,"soft_core",172,0.119841391770595,0,205,0.180671130240714,0
1584,"core",64,0.048364043050961,0,84,0.284327787339836,0
1594,"core",81,0.0428838137352579,0,87,0.221152989396774,0
1597,"core",65,0.0457103880054084,0,77,0.15735361130098,0
1604,"soft_core",43,0.132862423395411,0,50,0.164965986394558,0
1609,"core",72,0.0423515786654868,0,86,0.224281805745554,0
1611,"core",74,0.0462301093307954,0,84,0.202438324727481,0
1618,"core",88,0.0521185210611257,0,97,0.0816652348224513,0
1620,"core",52,0.0426783798627189,0,59,0.196658873952854,0
1624,"core",221,0.050501734846106,0,242,0.127680235017089,0
1628,"core",98,0.0481014269688737,0,112,0.180217717717718,0
1630,"core",66,0.0705005025297647,0,80,0.180933544303797,0
1638,"core",162,0.0471281895033746,0,202,0.156855984105873,0
1641,"core",158,0.0564833554448104,0,205,0.158313862130218,0
1643,"core",82,0.0393680459936835,0,89,0.224591419816139,0
1644,"core",88,0.0793546412150045,0,110,0.338268001112038,0
1649,"core",119,0.0906551072323207,0,124,0.19229172130431,0
1650,"core",120,0.109987236832372,0,132,0.141549078571979,0
1652,"soft_core",114,0.0854303529538643,0,125,0.136505376344086,0
1653,"soft_core",112,0.140282301125827,0,121,0.240034435261708,0
1665,"core",106,0.109935530533148,0,116,0.325222388805597,0
1667,"core",142,0.0592443110025555,0,198,0.124607325368747,0
1669,"soft_core",164,0.180599852628132,0,165,0.276847745750185,0
1676,"core",117,0.0744262173721863,0,126,0.147009523809524,0
1691,"soft_core",101,0.138423297480962,0,117,0.289972001178898,0
1704,"core",106,0.0460731341479239,0,134,0.116638611454008,0
1715,"core",85,0.0863965496363463,0,106,0.141629230308476,0
1732,"core",75,0.0379193720275668,0,93,0.115961508493065,0
1749,"core",89,0.048016283798674,0,126,0.165333333333333,0
1760,"core",121,0.0714881783562636,0,185,0.262103407755582,0
1765,"core",137,0.0532655973966734,0,157,0.156392563558169,0
1766,"core",113,0.164662538352486,0,133,0.145693779904306,0
1784,"core",66,0.0620765225679925,0,88,0.17271421107628,0
1785,"core",67,0.124266938479762,0,81,0.204938271604938,0
1787,"core",105,0.0586333354490648,0,131,0.252632609121159,0
1788,"core",213,0.139492221484206,0,262,0.251847743279699,0
1789,"dispensable",33,0.40060202318725,0.25,39,0.249887539361224,0
1793,"core",81,0.0779274181973399,0,89,0.18377596186585,0
1795,"soft_core",42,0.0664666904582256,0,44,0.133720930232558,0
1802,"core",85,0.0502531438580513,0,107,0.182742608593429,0
1808,"core",99,0.0864524387403327,0,108,0.162022614514826,0
1816,"soft_core",98,0.0808484404704295,0,114,0.138125549862858,0
1817,"dispensable",121,0.103529723064905,0,128,0.17872375328084,0
1818,"core",91,0.0474117142052726,0,105,0.136184371184371,0
1819,"core",94,0.0995354720382012,0,105,0.211858974358974,0
1821,"core",94,0.0506783945826555,0,114,0.229037934068209,0
1824,"core",95,0.0821304449568168,0,99,0.139531368102797,0
1825,"soft_core",105,0.067722101395205,0,108,0.153946002076843,0
1831,"core",85,0.0755398540777968,0,92,0.151238254499124,0
1837,"core",96,0.041016220937537,0,116,0.0989755122438781,0
1851,"core",20,0.260129755435483,0,22,0.5,0.5
1854,"core",75,0.0456082514488726,0,90,0.24200582605077,0
1880,"core",122,0.076565051698243,0,124,0.114083398898505,0
1881,"core",78,0.049428570942998,0,87,0.344671656419852,0
1884,"core",77,0.0442727304948548,0,97,0.251163373424971,0
1885,"core",84,0.0423775258722752,0,85,0.207469654528478,0
1898,"core",101,0.0745752574469056,0,112,0.114449270699271,0
1913,"soft_core",89,0.0542014615500813,0,93,0.142461430575035,0
1914,"dispensable",108,0.0473257322496337,0,114,0.10711845986648,0
1917,"core",87,0.0612454871696185,0,111,0.252940212940213,0
1919,"soft_core",120,0.0787041524072216,0,123,0.149784530632192,0
1920,"core",95,0.0329543686614076,0,126,0.187551322751323,0
1922,"soft_core",87,0.116837679945499,0,99,0.183707826564969,0
1925,"dispensable",10,0.118279406925384,0,12,0.838383838383838,1
1926,"core",168,0.118430917426837,0,191,0.165145586479287,0
1935,"core",108,0.0501496465253753,0,115,0.174820747520976,0
1937,"core",93,0.041583948591426,0,98,0.229742618696963,0
1944,"core",120,0.0571941897494391,0,135,0.206826976229961,0
1953,"core",90,0.0772056855724651,0,105,0.188669108669109,0
1971,"soft_core",37,0.293564564816539,0.0224747474747475,43,0.384828349944629,0.333333333333333
1982,"core",138,0.108575869322358,0,214,0.136239451245375,0
1984,"soft_core",17,0.307679738562092,0.2,17,0.566299019607843,0.5
1990,"core",97,0.0626294960703778,0,105,0.206517094017094,0
1991,"core",159,0.150431099371127,0,212,0.280824742487534,0
1992,"core",63,0.0726608906168785,0,81,0.186548353909465,0
1996,"core",108,0.0893736211820062,0,124,0.186445493487193,0
2007,"core",61,0.0995216006527373,0,81,0.195524691358025,0
2028,"core",104,0.0448814699140565,0,122,0.137485887187825,0
2035,"core",96,0.0768387991979006,0,102,0.194709765094156,0
2036,"core",96,0.0819391803766338,0,116,0.183833083458271,0
2048,"core",112,0.189834606471203,0,118,0.23451156502004,0
2054,"dispensable",22,0.2435360094451,0,27,0.188034188034188,0
2067,"core",147,0.113098071643555,0,196,0.143005407291122,0
2068,"dispensable",22,0.185942933415932,0,26,0.293846153846154,0
2072,"core",78,0.061759354821183,0,81,0.0887345679012346,0
2088,"core",77,0.0556674077453773,0,94,0.218416838252116,0
2097,"core",191,0.105287928040634,0,223,0.162791715482298,0
2114,"core",10,0.0165973796926178,0,20,0.287280701754386,0
2126,"soft_core",9,0.0993999080389551,0,11,0.257575757575758,0
2135,"core",137,0.0758789198289218,0,195,0.220426469292449,0
2162,"soft_core",175,0.074229615446452,0,188,0.148235483748625,0
2167,"core",50,0.0874086234807339,0,66,0.167754467754468,0
2177,"core",166,0.0907369584966286,0,212,0.156894819091904,0
2181,"soft_core",162,0.0426508190248215,0,244,0.243867638129933,0
2183,"core",90,0.0443050213680865,0,106,0.248984725965858,0
2209,"dispensable",34,0.059506140357299,0,45,0.286616161616162,0
2237,"core",95,0.0865216827450902,0,102,0.239791626221446,0
2262,"dispensable",15,0.153451189003779,0.0158730158730159,18,0.181917211328976,0
2268,"core",116,0.0666363794031835,0,132,0.185935692805922,0
2311,"soft_core",93,0.0464512437148143,0,104,0.105470500373413,0
2325,"soft_core",61,0.0767446266889006,0,70,0.15904071773637,0
2341,"dispensable",15,0.225260770975057,0,22,0.458152958152958,0.5
2435,"core",150,0.356813481209763,0.25,159,0.474857362736512,0.5
2439,"core",258,0.308189434962291,0.166666666666667,274,0.271659848667148,0
2463,"core",117,0.147459498714584,0,127,0.217212431779361,0
2469,"soft_core",62,0.126618527314799,0,73,0.241248097412481,0
2511,"core",118,0.0510111469885433,0,161,0.21662784679089,0
2520,"core",8,0.026139347143055,0,13,0.286324786324786,0
2534,"soft_core",9,0.12123226549624,0,12,0.25,0
2536,"dispensable",12,0.129261773579955,0,13,0.715811965811966,1
2550,"core",78,0.0676865440270942,0,96,0.220522660818713,0
2562,"dispensable",35,0.0865084410057878,0,42,0.349787069299264,0.333333333333333
2637,"soft_core",262,0.0973203498306069,0,309,0.170900905228228,0
2656,"core",157,0.0443545136151624,0,259,0.182711781548991,0
2724,"dispensable",12,0.117618771090922,0,13,0.138888888888889,0
2751,"core",157,0.0289779983448508,0,313,0.163063201441796,0
2781,"dispensable",20,0.235087274972506,0,20,0.314912280701754,0
2842,"dispensable",30,0.212376190443274,0,45,0.457239057239057,0.5
2864,"dispensable",35,0.258690916516701,0,36,0.499206349206349,0.5
2897,"core",158,0.142100765535194,0,208,0.148604917626657,0
2934,"dispensable",16,0.166051150592724,0,34,0.248514557338087,0
2938,"dispensable",27,0.109378793887341,0,27,0.221272554605888,0
2939,"soft_core",20,0.169463723411092,0,28,0.366446208112875,0.333333333333333
2970,"dispensable",14,0.27073018556535,0.125,28,0.548500881834215,0.5
3041,"core",159,0.167410511490607,0,212,0.137449700438165,0
3079,"core",26,0.234604395604396,0,31,0.279928315412186,0
3100,"core",76,0.0613014195156182,0,82,0.169778179263274,0
3104,"core",181,0.0631636318956505,0,293,0.160795268596007,0
3110,"soft_core",12,0.187878787878788,0,15,0.295238095238095,0
3118,"core",157,0.275018964785992,0,185,0.221933579542275,0
3125,"soft_core",14,0.155335885538088,0.0158730158730159,25,0.350555555555556,0
3134,"dispensable",31,0.260291767389509,0,35,0.309243697478992,0
3169,"core",13,0.0734009580163426,0,30,0.2727969348659,0
3184,"soft_core",20,0.281991311635027,0,30,0.478927203065134,0.5
3185,"soft_core",12,0.121719958410726,0,13,0.160683760683761,0
3197,"dispensable",16,0.0237460918710919,0,26,0.323846153846154,0.25
3204,"core",17,0.150777253252382,0,22,0.18975468975469,0
3257,"dispensable",25,0.572516719489813,0.954198473282443,25,0.630833333333333,0.5
3279,"soft_core",19,0.111539188893612,0,20,0.307894736842105,0
3319,"dispensable",17,0.166374401029347,0,35,0.518627450980392,0.5
3438,"core",183,0.124993165168022,0,222,0.1498382998383,0
3538,"core",80,0.180389511360792,0,91,0.132442002442002,0
3685,"dispensable",24,0.370139927662811,0.222222222222222,25,0.432222222222222,0.5
3686,"dispensable",14,0.347488226059655,0.25,14,0.181318681318681,0
3704,"dispensable",17,0.0515733535006148,0,25,0.235555555555556,0
3876,"dispensable",14,0.398353025420695,0,16,0.504166666666667,0.5
3996,"dispensable",10,0.0392446962693155,0,30,0.448275862068966,0.5
4124,"dispensable",19,0.306200536279959,0.25,26,0.618461538461539,0.5
4170,"soft_core",13,0.115384615384615,0,17,0.283088235294118,0.333333333333333
4375,"soft_core",21,0.10280612244898,0,67,0.396351575456053,0.333333333333333
4383,"dispensable",19,0.172593828816974,0,19,0.757309941520468,1
4443,"soft_core",14,0.108129885194586,0,17,0.206495098039216,0
4492,"soft_core",209,0.113153643730891,0,255,0.174563326642993,0
4527,"dispensable",14,0.238156288156288,0,15,0.485714285714286,0.5
4560,"core",32,0.0863976493277345,0,34,0.161319073083779,0
4581,"soft_core",107,0.130167097147184,0,187,0.229069222997117,0
4601,"soft_core",29,0.521468206157236,0.666666666666667,31,0.454480286738351,0
4638,"dispensable",38,0.297478135918817,0,58,0.21909659205485,0
4697,"soft_core",9,0.140456846990167,0,13,0.433760683760684,0.5
4751,"soft_core",9,0.0476063288563289,0,13,0.271367521367521,0
5061,"dispensable",13,0.468018738982576,0,15,0.296825396825397,0
5077,"dispensable",19,0.110623781676413,0,22,0.323232323232323,0
5089,"soft_core",21,0.654907995880015,0.986486486486487,23,0.461133069828722,0.5
5161,"dispensable",16,0.0869891975308642,0,24,0.133454106280193,0
5253,"dispensable",13,0.0161188155895353,0,27,0.203086419753086,0
5289,"dispensable",16,0.319681467541059,0.105263157894737,21,0.28968253968254,0
5417,"dispensable",32,0.254291393553772,0.125,40,0.33525641025641,0
5426,"dispensable",7,0.476190476190476,0,10,0.518518518518518,0.5
5447,"dispensable",13,0.464896214896215,0.464285714285714,14,0.804029304029304,1
5450,"dispensable",8,0.145248796886707,0,20,0.354385964912281,0
5476,"dispensable",17,0.305903203328662,0,17,0.345588235294118,0
5496,"dispensable",15,0.0307058924590421,0,30,0.2,0
5520,"dispensable",10,0.462037037037037,0.333333333333333,10,0.244444444444444,0
5642,"soft_core",16,0.3599170488375,0.0923295454545455,17,0.330882352941176,0.333333333333333
5688,"dispensable",21,0.180717602035775,0,26,0.145128205128205,0
5778,"dispensable",10,0.226596119929453,0,12,0.338383838383838,0
5779,"dispensable",29,0.316196703386582,0,35,0.321288515406162,0
5848,"dispensable",20,0.210976901104862,0.0120481927710843,46,0.138228663446055,0
5934,"dispensable",14,0.334275248560963,0,14,0.230769230769231,0
6030,"dispensable",20,0.528789923526766,0.333333333333333,22,0.570707070707071,0.5
6102,"dispensable",10,0.413015873015873,0.166666666666667,10,0.411111111111111,0.333333333333333
6105,"dispensable",7,0.255827505827506,0,11,0.403030303030303,0.5
6126,"dispensable",9,0.259378705030879,0,13,0.536324786324786,0.5
6136,"dispensable",20,0.078859649122807,0,28,0.201499118165785,0
6472,"dispensable",11,0.462878787878788,0.333333333333333,11,0.590909090909091,0.5
6516,"dispensable",10,0.360255427841635,0,14,0.686813186813187,0.5
6613,"dispensable",7,0.101190476190476,0,14,0.499084249084249,0.5
6654,"dispensable",11,0.0565728183910002,0,16,0.318055555555556,0.333333333333333
7163,"dispensable",14,0.0754578754578755,0,19,0.112962962962963,0
7179,"dispensable",5,0.00177174939320688,0,13,0.275641025641026,0
7181,"dispensable",12,0.511393085735191,0.333333333333333,13,0.825854700854701,1
7285,"dispensable",11,0.393803033444977,0.0147058823529412,11,0.742424242424242,1
7298,"dispensable",17,0.0183043529439127,0,19,0.113060428849903,0
7577,"dispensable",15,0.18178847607419,0,24,0.234299516908213,0
7609,"dispensable",20,0.36913993714309,0.142857142857143,30,0.430268199233716,0.5
8106,"dispensable",5,0.1,0,9,0.388888888888889,0.5
8183,"dispensable",10,0.470776921696975,0.0128205128205128,10,0.692592592592593,0.5
8894,"dispensable",20,0.0275668217045859,0,26,0.172820512820513,0
9801,"dispensable",9,0.193121693121693,0,9,0.277777777777778,0
10387,"dispensable",14,0.0305213902729431,0,24,0.44987922705314,0.5
10388,"dispensable",23,0.356719367588933,0,24,0.605072463768116,1
16048,"dispensable",16,0.343564814814815,0.125,15,0.273015873015873,0
17802,"dispensable",9,0.362933288733778,0.0137614678899083,9,0.592592592592593,0.5
21141,"dispensable",18,0.768295358052459,0.973333333333333,18,0.495642701525054,0.5
